text_headline,text_sentence,bias_label
속보 이틀만에 北 또 도발…합참 “북한 서해상으로 순항미사일 수발 발사”,서울경제 북한이 30일 서해상으로 순항미사일 여러 발을 발사했다. 합동참모본부는 이날 “오늘 오전 7시께 북측이 서해상으로 발사한 미상 순항미사일 수 발을 포착했으며 한미 정보당국이 정밀분석 중에 있다”며 “우리 군은 감시 및 경계를 강화한 가운데 미측과 긴밀하게 공조하고 있으며 북한의 활동을 면밀히 주시하고 있다”고 밝혔다. 북한의 순항미사일 발사는 지난 28일에 이어 이틀 만이다. 합참이 이달 들어 북한이 발사한 순항미사일을 포착해 발표한 것은 3번째다. 북한은 지난 24일 평양 인근에서 서해상으로 신형 전략순항미사일 ‘불화살 3 31’ 여러 발을 발사했고 28일에는 함경남도 신포시 인근 해상에서 불화살 3 31 2발을 발사했다.,0.00021380925938163816
속보 북한 이틀 만에 또 순항미사일 여러발 발사,사진 출처 연합뉴스 북한이 30일 서해상으로 순항미사일 여러 발을 발사했다고 합동참모본부가 발표했다. 합참은 “오전 7시께 북측이 서해상으로 발사한 미상 순항미사일 수 발을 포착했으며 한미 정보당국이 정밀분석 중에 있다”면서 “우리 군은 감시와 경계를 강화하고 미측과 긴밀하게 공조하고 있으며 북한의 활동을 면밀히 주시하고 있다”고 밝혔다. 합참이 이달 들어 북한 순항미사일을 포착해 발표한 것은 이번이 세 번째다. 앞서 북한은 지난 24일 평양 인근에서 서해상으로 신형 전략순항미사일 ‘불화살 3 31’ 여러 발을 발사했고 28일에는 함경남도 신포시 인근 해상에서 불화살 3 31 2발을 발사했다.,0.00021632117949123118
尹 북한은 비이성적 집단…선거 개입 위한 여러 도발 예상,윤석열 대통령은 31일 북한 정권을 “비이성적 집단”으로 규정하면서 “올해 북한의 접경지 도발 무인기 침투 가짜 뉴스 사이버 공격 후방 교란 등 선거 개입을 위한 여러 도발이 예상된다”고 말했다. 윤 대통령은 이날 오전 청와대 영빈관에서 열린 제57차 중앙통합방위회의를 직접 주재했다. 녹색 민방위 재킷 차림을 한 윤 대통령은 “사이버 공격이 국가 기능과 국민 일상을 한순간에 마비시킬 수 있고 가짜 뉴스와 허위 선전 선동으로 사회가 큰 혼란에 빠질 수 있다”며 “오늘 중앙통합방위회의는 이러한 북한의 도발과 위협에 맞서 국민의 안전을 지키기 위한 것”이라고 했다. 중앙통합방위회의는 적 침투 ·도발 등 국가안보 위협에 대비해 민 ·관 ·군 ·경의 주요 직위자들이 한곳에 모여 국가통합방위태세를 점검하고 발전 대책을 논의하는 회의다. 윤 대통령은 지난해 이 회의를 7년 만에 주재한 데 이어 2년 연속 참석했다. 31일 청와대 영빈관에서 열린 제57차 중앙통합방위회의 에 참석한 윤석열 대통령이 모두발언을 하고 있다. 대통령실사진기자단 윤 대통령은 “연초부터 북한 정권은 미사일 발사 서해상 포격 등 도발을 계속하고 있다”며 “민족 개념을 부정한 데 이어 대한민국을 교전 상대국이자 주적으로 못 박았다. 이러한 행위 자체가 반민족 반통일이며 역사에 역행하는 도발이고 위협”이라고 지적했다. 김정은 북한 국무위원장이 지난해 말 노동당 전원회의에서 남북 관계를 동족이 아닌 ‘적대적 교전국’ 관계로 규정하고 대한민국을 주적으로 칭하며 “완전 초토화”를 선언한 것을 두고 한 비판이었다. 윤 대통령은 북한 정권을 겨냥해 “전 세계에서 유일하게 핵 선제 사용을 법제화한 비이성적인 집단”이라며 “상식적인 정권이라면 핵을 포기하고 주민이 살길을 찾겠지만 북한 정권은 오로지 세습 전체주의 정권 유지를 위해 물불을 가리지 않고 있다”고 비판했다. 윤 대통령은 특히 “올해 우리나라는 자유민주주의 정치 시스템 핵심인 중요한 선거를 앞두고 있다”며 “북한 정권은 지난 70년간 대한민국 자유민주주의 시스템 붕괴를 위해 부단히 노력해 왔고 중요 정치 일정이 있는 해에는 늘 사회 교란과 심리전 도발을 감행해 왔다”고 말했다. 그러면서 북한의 이러한 공세가 이번 4월 총선을 앞두고도 사이버 공격 등 여러 양태로 이어질 수 있다며 철저한 대비를 당부했다. 앞서 윤 대통령은 지난 16일 국무회의에서 북한 도발을 “대한민국을 균열시키기 위한 정치 도발 행위”라고 말했다. 윤석열 대통령이 31일 청와대 영빈관에서 열린 제57차 중앙통합방위회의에서 한덕수 국무총리 신원식 국방장관 김명수 합참의장 등과 함께 국기에 경례하고 있다. 연합뉴스 윤 대통령은 군 중심의 전통적 군사안보뿐 아니라 민·관이 합심해 자유민주주의를 지키는 가치안보 강화의 중요성도 강조했다. 윤 대통령은 “국가안보에는 국토방위 및 국민 안전 수호라는 물리적 개념과 자유민주주의 시스템을 지키는 가치적 개념 2개가 있다”며 “두 개념 모두 동전의 양면과 같은 것이기에 안보 위기가 발생하면 민·관·군·경이 협력하는 국가 총력 대비 시스템을 강화해야 한다”고 말했다. 올해 회의는 ‘국민과 함께하는 통합방위’ 시작을 알리는 차원에서 중앙정부와 지방자치단체장 국가정보원 각 군 경찰청 등 외에 국민 참관단도 참석했다. 오후에는 영빈관에서 군 주요지휘관회의를 주재했다. 윤 대통령은 “총선을 앞둔 올해 예상되는 북한의 다각적 도발 가능성에 대비해 도발 시나리오별로 정교한 대비계획을 완비하고 압도적 대응을 통해 북한의 도발 의지를 분쇄해 달라”고 거듭 당부했다. 그러면서 국가 중요시설을 목표로 한 북한의 교란 활동 가능성을 언급하기도 했다. 이어진 각 군 주요 직위자와의 회의에선 북한 도발과 관련한 서북도서 접경지역 도발 등 도발 시나리오별로 군사적 대비태세 보고와 토의가 이어졌다.,0.00022006455800119488
윤 “북한 정권 비이성적 총선 개입 예상”…전쟁설에도 강경,윤석열 대통령이 31일 제57차 중앙통합방위회의를 주재하고 있다. 연합뉴스 윤석열 대통령은 31일 “북한 정권은 전세계에서 유일하게 핵 선제 사용을 법제화한 비이성적 집단”이라고 말했다. 윤 대통령은 미사일 시험발사 등 최근 잇따르는 북한의 긴장 고조 행위에 대해서도 “반민족·반통일 행위이며 역사에 역행하는 도발이고 위협”이라고 비판했다. 윤 대통령은 이날 오전 청와대 영빈관에서 ‘제57차 중앙통합방위회의’를 주재하고 “연초부터 북한 정권은 미사일 발사 서해상 포격 등 도발을 계속하고 있다. 민족 개념을 부정한 데 이어 대한민국을 교전 상대국이자 주적으로 못박았다”며 이렇게 말했다. 중앙통합방위회의는 국가안보 위협에 대비해 민·관·군·경이 통합방위태세를 점검하는 회의로 윤 대통령은 지난해 2월에 이어 2년 연속 참석했다. 윤 대통령은 지난해 현직 대통령으로서는 7년 만에 이 회의를 주재하고 앞으로 매년 초 직접 주재하겠다고 밝힌 바 있다. 이날 회의는 김정은 북한 국무위원장이 지난 연말 남북 관계를 “적대적인 두 국가 관계 전쟁 중에 있는 두 교전국 관계”로 규정하고 새해 들어 서해 해안포 사격 5 6 7일 중거리 탄도미사일 발사 14일 전술핵 탑재 수중 핵어뢰 ‘해일’ 실험 19일 순항미사일 발사 24 28 30일 등 무력 행위를 이어오는 가운데 이뤄졌다. 북한은 지난 30일 발사한 순항미사일이 “화살 2형 발사훈련”이었다고 이날 밝히며 시험발사가 아니라 실전 부대 배치라는 점을 시사하기도 했다. 미국 전문가를 중심으로 한반도 전쟁 위기설이 퍼지는 등 역내 안보 불안이 커지는 가운데 윤 대통령은 이날도 ‘강 대 강’ 목소리를 냈다. 윤 대통령은 “상식적인 정권이라면 핵을 포기하고 주민들이 살길을 찾겠지만 북한 정권은 오로지 세습 전체주의 정권 유지를 위해 물불을 가리지 않고 있다”고 비판했다. 아울러 윤 대통령은 오는 4월 총선에 북한의 개입이 예상된다고 주장했다. 그는 “북한 정권은 중요한 정치 일정이 있는 해엔 늘 사회 교란과 심리전 도발을 감행해왔다”며 “올해는 접경지 도발 무인기 침투 가짜 뉴스 사이버 공격 후방 교란 등 선거 개입을 위한 여러 도발이 예상되고 있다”고 말했다. 윤 대통령은 “사전에 확실하게 차단하는 방안을 현장 의견을 반영해 충실히 강구해야 한다”고 말했다. 윤 대통령은 이날 오후에는 군 주요지휘관회의도 직접 주재하고 “북한의 다각적 도발 가능성에 대비한 압도적 대응을 통해 북한의 도발 의지를 분쇄할 것”을 지시했다고 대통령실은 전했다. 윤 대통령의 대북 강경 발언을 두고 조성렬 북한대학원대학교 초빙교수는 “윤 대통령이 취임 뒤 내건 ‘힘에 의한 평화’는 1년8개월 동안 북한에 미치지도 못했고 오히려 평화가 위협받는 상황”이라며 “불안해하는 국민을 상대로 자기 합리화를 하는 것 같다”고 말했다. 북한의 “여러 도발”을 예상하면서 강력 대응을 강조하는 것은 총선 앞 지지층 결집을 노린 것이라는 풀이도 나온다.,0.0002222200762167119
북한인권증진과장에 김익환,통일부는 김익환 50·사진 전 열린북한방송 대표를 서기관으로 채용해 개방형 직위인 북한인권증진과장에 임명했다고 31일 밝혔다. 북한인권 활동가 출신인 김 과장은 대북 라디오 방송인 열린북한방송 사무총장 및 대표 사단법인 통일아카데미 교육위원 등을 지냈다. 2010년대 후반에는 정치권에 입문해 바른정당 상근 부대변인 바른미래당 서울 구로갑 지역위원회 공동위원장 바른미래당 부대변인 새로운보수당 대변인 등으로 활동했다. 통일부는 또 류우익 전 통일부 장관 보좌관과 홍승표 44 씨를 국립통일교육원 미래세대교육과장으로 임용했다.,0.0002363567727006081
북한 이틀 만에 또 순항미사일 발사…성능 ‘개량’ 노린 듯,합동참모본부는 30일 북한이 서해상으로 순항미사일 수발을 발사했다고 밝혔다. 사진은 지난 28일 잠수함발사전략순항미사일 불화살 3 31형 이 발사되는 장면. 연합뉴스 북한이 30일 서해상으로 순항미사일 여러 발을 발사했다. 지난 28일 전략순항미사일 ‘불화살 3 31형’을 발사한 지 불과 이틀 만이다. 올해 들어 순항미사일 발사만 세 번째다. 합동참모본부는 30일 오전 7시쯤 북한이 서해상으로 발사한 미상 순항미사일 여러 발을 포착했으며 한·미 정보당국이 정밀분석 중에 있다고 밝혔다. 북한 미사일은 남포시 서쪽 육지에서 발사돼 서해 북쪽 바다에 떨어진 것으로 알려졌다. 우리 군은 이번에 발사된 순항미사일이 정상 사거리를 비행한 것으로 추정하고 있다. 북한의 순항미사일인 ‘화살 1형’의 사거리는 1500㎞이고 이를 개량한 ‘화살 2형’은 2000㎞로 추정된다. ‘불화살 3 31형’ 역시 사정거리는 2000㎞대일 것으로 알려져 있다. 이에 따라 이날 발사된 순항미사일은 1500 2000㎞를 비행한 것으로 추정된다. 평양에서 직선거리로 1400㎞ 떨어진 일본 오키나와 미군기지는 ‘불화살 3 31형’의 사정권 안에 있는 것이다. 군은 북한이 지난 28일 ‘불화살 3 31형’을 발사했을 때만 해도 북한이 쏜 순항미사일 사거리가 알려진 성능에 못 미쳤던 것으로 분석했다. 북한은 당시 ‘불화살 3 31형’ 두 발이 각각 7421초 7445초 비행했다고 발표했는데 이를 비행거리로 환산하면 2000㎞에 달한다. 하지만 군은 북한의 이 같은 발표가 과장이며 실제 비행시간과 거리는 이보다 짧았던 것으로 파악했다. 북한이 순항미사일을 자주 발사하는 것은 성능 개량과 발사 플랫폼 다양화를 위한 목적으로 분석된다. 이를 위해 다양한 조건에서 시험발사를 감행한다는 설명이다. 북한은 앞으로도 시험발사를 계속하며 이동식발사대 TEL 해상바지선 탄도미사일잠수함 SSB 김군옥영웅함의 수직발사대 VLS 등으로 다양화할 것으로 보인다. 실제로 북한은 최근 발사 조건과 플랫폼을 각각 달리해 시험발사하고 있다. 지난 24일에는 ‘불 화살 3 31형’을 평양 인근 육상에서 서해상으로 발사했다. 불과 나흘 뒤인 28일에는 똑같은 ‘불화살 3 31형’을 함경남도 신포시 인근 해상에서 시험발사했다. 북한은 플랫폼을 공개하진 않았지만 이 미사일이 수중발사됐으며 ‘ 잠수함발사전략순항미사일 SLCM ’이었다고 주장했다. 다만 북한의 잦은 시험발사가 성능 개량으로 이어지는 것으로 보기 힘들다는 분석도 있다. 일부 전문가들은 북한 전략순항미사일을 ‘ 화살 1형’과 ‘ 화살 2형’ ‘ 화살 3 31형’ 등으로 일일이 구분하는 것이 큰 의미가 없을 정도로 성능 차이가 크지 않다는 설명을 내놓는다. 이번 발사와 관련해 신종우 한국국방안전포럼 사무국장은 “플랫폼 다양화 등의 의도가 있겠지만 일주일에 세 번이나 시험 발사한 것은 과도하다”며 “한국 총선을 겨냥해 정치적 메시지를 전달할 의도도 있을 것”이라고 말했다.,0.00023910549327358187
북한 서해상으로 순항미사일 발사,북한의 잠수함발사 순항미사일 불화살 3 31형 시험발사 모습. 연합뉴스 북한이 30일 오전 서해상으로 순항미사일 여러 발을 발사했다. 합동참모본부는 “오전 7시쯤 북측이 서해상으로 발사한 미상 순항미사일 여러 발을 포착했다 며 한미 정보당국이 정밀분석 중에 있다 고 밝혔다. 이달 들어 북한의 순항미사일 발사가 포착된 것은 이번이 3번째다. 북한은 지난 24일 평양 인근에서 서해상으로 신형 전략순항미사일 불화살 3 31 을 처음으로 시험발사했다. 이어 지난 28일 함경남도 신포시 인근 해상에서 동해상으로 불화살 3 31 2발을 발사했다. 군 당국은 북한이 이날 발사한 순항미사일도 불화살 3 31인 것으로 보고 있다. 발사 장소는 평양 인근 내륙으로 추정된다.,0.000242064555354715
북한 레닌그라드 해방 80주년 영화감상회 개최,평양 조선중앙통신 연합뉴스 조선러시아친선협회와 북한 주재 러시아연방대사관의 공동명의로 지난 29일 평양 대동문영화관에서 레닌그라드완전해방 80주년에 즈음한 영화감상회가 진행됐다고 조선중앙통신이 30일 보도했다. 참가자들은 소련기록영화 레닌그라드에서의 위대한 승리 를 감상했다.,0.0002423970989990941
26개국 대학생들 모의 UN대회서 북한인권 해법 토론,국립통일교육원 정문 연합뉴스 자료사진 xyz yna.co.kr 서울 연합뉴스 하채림 기자 국립통일교육원은 비영리기구 NGO 성통만사 PSCORE 에서 인턴으로 활동하는 26개국 대학·대학원생 45명에게 북한인권을 주제로 글로벌 통일교육 과정을 31일부터 다음달 2일까지 진행한다고 30일 밝혔다. 이번 교육 과정에는 이신화 북한인권 국제협력대사와 정진헌 국립통일교육원 교수가 특강자로 나선다. 다음달 1일에는 모의 유엔 대회를 열어 북한인권 해법을 토론한다. 우수 학생 3명에게는 통일부 장관상을 수여한다. 성통만사 대표 김태훈 변호사 는 유엔 경제사회이사회의 협의기구로 등록된 NGO로 북한인권 개선을 위한 글로벌 캠페인과 탈북 학생 교육지원 활동을 펼치고 있다. 통일교육원의 글로벌 통일교육 과정은 한반도 통일에 관한 국제사회의 이해를 높이고자 2013년 개설됐다. 그동안 주한 외국인 해외 대학생 재외동포 등 2천500여 명이 참가했다.,0.00024376846043196296
김영호 탈북민 성공은 통일 시금석…북한이탈주민의 날 속히 제도화,김영호 통일부장관이 어제 29일 오후 북한이탈주민의 날 제정 관련 민간 단체 간담회에 참석한 모습. 사진 연합뉴스 김영호 통일부 장관이 대한민국에 온 북한이탈주민 성공은 우리 사회의 통일 역량을 가늠하는 시금석이자 북한 주민에게 자유롭고 풍요로운 미래에 대한 희망의 메시지를 주는 일 이라 어제 29일 밝혔습니다. 김 장관은 어제 정부서울청사에서 열린 북한이탈주민의 날 제정 관련 탈북민 단체장 면담 모두발언에서 북한이탈주민의 날 제정은 단순히 국내에 정착해 살아가는 탈북민뿐 아니라 북한 주민에게도 시사하는 바가 매우 크다 고 말했습니다. 앞서 윤석열 대통령은 지난 16일 국무회의에서 북한이탈주민의 날 제정을 추진하라고 지시한 바 있습니다. 김 장관은 오늘 참석자들을 통해 시민사회 등 국민 여론을 적극적으로 수렴하고 신속하게 유관부처와 협의를 거쳐 북한이탈주민의 날을 조속히 제도화하고 매년 의미 있는 행사로 발전시키겠다 고 전했습니다. 한편 간담회에는 김흥광 NK지식인연대 대표 김성민 자유북한방송 대표 원송금 탈북민단체연합 대표 등 탈북민 관련 단체 대표 10여명이 참석했습니다.,0.0002456375054887629
그래픽 최근 북한 순항미사일 발사 일지,서울 연합뉴스 원형민 김민지 기자 북한이 30일 서해상으로 순항미사일 여러 발을 발사했다고 합동참모본부가 발표했다.,0.00024897981190717986
속보 북한 이틀 만에 또 순항미사일 여러 발 발사,사진 뉴스1 북한이 서해상으로 순항미사일 여러 발을 발사했다. 합동참모본부는 30일 이날 오전 7시께 북측이 서해상으로 발사한 미상 순항미사일 수 발을 포착했으며 한미 정보당국이 정밀분석 중에 있다 며 우리 군은 감시 및 경계를 강화한 가운데 미측과 긴밀하게 공조하고 있으며 북한의 활동을 면밀히 주시하고 있다 고 밝혔다. 북한이 순항미사일을 발사한 것은 지난 28일에 이어 이틀 만이다. 합참이 이달 들어 북한이 발사한 순항미사일을 포착해 발표한 것은 이번이 3번째다. 북한은 지난 24일 평양 인근에서 서해상으로 신형 전략순항미사일 불화살 3 31 여러 발을 발사했고 28일에는 함경남도 신포시 인근 해상에서 불화살 3 31 2발을 발사했다.,0.0002545657764156741
북한 또 순항미사일 불화살 발사…일주일 만에 3번 쐈다,앵커 북한이 또 순항미사일을 쐈습니다. 일주일 새 벌써 세번째입니다. 북한이 핵탄두까지 탑재할 수 있는 신형 전략순항미사일 불화살 을 집중적으로 시험 발사하고 있는 걸로 보입니다. 윤샘이나 기자입니다. 기자 북한이 오늘 30일 오전 순항미사일 여러 발을 발사했다고 합동참모본부가 밝혔습니다. 일주일 사이에만 벌써 세번째입니다. 북한은 지난 24일 서해상으로 신형 전략순항미사일 불화살 3 31 을 첫 시험 발사한 이후 나흘 뒤 잠수함 기지가 있는 함경남도 신포에서 동해상으로 같은 불화살 2발을 더 쐈습니다. 그리고 오늘 평양 인근 내륙에서 서해상으로 또 쏜 겁니다. 북한이 같은 종류로 보이는 미사일을 반복해서 쏘는 건 지난해부터 본격 개발 중인 불화살 의 성능 개량에 박차를 가하고 있기 때문이란 분석이 나옵니다. 전문가들은 북한이 육상과 해상 수중 등 장소를 가리지 않고 쏠 수 있는 다목적 전략순항미사일 개발에 목표를 두고 있다고 보고 있습니다. 장영근 한국국가전략연구원 미사일센터장 지상에서 발사하는 거 잠수함에서 발사하는 거 보여줬잖아요. 다양한 플랫폼에서 사용할 수 있는 순항미사일을 시험하고 있다고 보입니다. 우리 군 당국도 눈여겨보고 있습니다. 이성준 합동참모본부 공보실장 정확한 의도에 대해서는 추가 분석이 필요하고요. 저희는 북한의 무기 개발 동향을 지속 추적하고 있다고 말씀드릴 수 있겠습니다. 탄도미사일과 달리 순항미사일 발사는 그 자체로 유엔 안보리 제재 대상은 아닙니다. 다만 핵탄두까지 탑재 가능한 전략순항미사일은 낮은 고도에서 비행해 탐지가 쉽지 않은 북한판 토마호크 미사일로 우리 군 요격망인 킬 체인 까지 위협할 수 있다는 우려가 나오고 있습니다.,0.00026522777147156733
북한 서해로 순항미사일 발사‥이틀 만에 또 도발,정오뉴스 앵커 북한이 오늘 오전 서해상에서 순항미사일 여러 발을 발사했습니다. 동해상에서 순항미사일을 쏜 지 이틀 만인데요. 이달 들어서만 벌써 3차례 순항미사일을 쏘며 성능 개량 시험에 나선 것으로 보입니다. 이덕영 기자입니다. 리포트 북한이 오늘 오전 7시쯤 서해상으로 순항미사일 여러 발을 발사해 우리 군에 포착됐습니다. 이성준 합동참모본부 공보실장 우리 군은 감시 및 경계태세를 강화한 가운데 미측과 긴밀하게 공조하고 있으며 북한의 활동을 면밀히 주시하고 있습니다. 북한의 순항미사일 발사는 지난 28일 이후 이틀 만으로 이달 들어 3번째 발사입니다. 앞서 북한은 지난 24일에는 서해를 향해 지상에서 순항미사일을 쐈습니다. 또 지난 28일에는 동해 신포 일대 앞바다에서 순항미사일을 발사했습니다. 당시 잠수함에서 직접 발사한 것인지 해상 바지선에서 발사한 것인지는 확인되지 않았습니다. 전략핵공격잠수함에서 발사할 수 있는 순항미사일을 시험 중인 것으로 보입니다. 발사 플랫폼을 바꿔가며 동·서해에서 잇따라 순항미사일을 쏘고 있는데 북한이 개발 중인 신형 순항미사일 불화살 3 31의 성능개량을 위한 시험을 계속하고 있는 것으로 분석됩니다. 특히 오늘 쏜 순항미사일은 원 모양 등의 궤도를 그렸던 이전과 달리 1천500 2천km를 정상 비행한 것으로 합참은 보고 있습니다. 순항미사일 발사는 유엔 안보리 제재 대상이 아니어서 북한의 시험발사를 제지할 수 없습니다. 이런 가운데 북한은 소형 핵탄두를 탑재할 수 있는 순항미사일 개발에 적극 나서고 있고 김정은 국무위원장 역시 해군의 핵무장화를 강조하고 있습니다. MBC뉴스 이덕영입니다. MBC 뉴스는 24시간 여러분의 제보를 기다립니다.,0.0003022890498817523
윤 대통령 “북한은 비이성적 집단…선거 앞두고 도발 예상”,앵커 전 세계에서 유일하게 핵무기의 선제 사용을 법제화 한 북한을 향해서 윤석열 대통령이 비이성적 집단이라며 강력하게 비판했습니다. 윤 대통령은 또 4월 총선을 앞두고 북한의 군사 도발과 사이버 공격이 예상된다면서 자유민주체제를 지키기 위한 철저한 대비를 강조했습니다. 정새배 기자의 보도입니다. 리포트 탄도 미사일에 이은 순항 미사일 발사. 북한의 군사적 위협이 고조되는 가운데 윤석열 대통령이 올해도 중앙통합방위회의를 직접 주재했습니다. 윤 대통령은 먼저 북한 정권을 강도 높게 비판했습니다. 전 세계에서 유일하게 핵 선제 사용을 법제화한 비이성적 집단이라는 겁니다. 그러면서 북한이 4월 총선을 겨냥해 도발할 수 있다고 경고했습니다. 윤석열 대통령 북한 정권은 지난 70년 동안 우리 대한민국의 자유 민주주의 시스템을 붕괴시키기 위해 부단히 노력해 왔고 중요한 정치 일정이 있는 해에는 늘 사회 교란과 심리전 그리고 도발을 감행해 왔습니다. 윤 대통령은 군사적 도발과 함께 가짜 뉴스와 사이버 공격도 주요 위협으로 꼽았습니다. 그러면서 이 같은 안보 위기 상황 속에 군경은 물론 민과 관이 협력하는 총력 대비 태세를 갖춰야 한다고 강조했습니다. 윤 대통령은 오후에는 군 주요 지휘관 회의도 주재했습니다. 두 회의 모두 예상되는 북한의 도발 유형별로 대응 태세를 점검하는 방식이었다고 대통령실은 설명했습니다. 오늘 31일 통합방위회의에는 사상 처음으로 접경지 주민 등 국민참관단 11명이 참석했습니다. 안보 문제에 대한 국민적 우려를 불식시키고 협조도 이끌어 내려는 취지로 풀이됩니다. KBS 뉴스 정새배입니다.,0.000323607055708291
속보 북한 이틀 만에 또 순항미사일 여러 발 발사,북한 김정은 잠수함발사순항미사일·핵잠수함 건조 지도 평양 조선중앙통신 연합뉴스 김정은 북한 국무위원장이 지난 28일 잠수함발사순항미사일 SLCM 시험발사를 지도하고 핵잠수함 건조 사업을 둘러봤다고 조선중앙통신이 29일 밝혔다.,0.0003622089760088727
합참 북한 서해상으로 순항미사일 여러 발 발사,북한이 30일 서해상으로 순항미사일 여러 발을 발사했다고 합동참모본부가 밝혔다. 사진은 북한이 지난 24일 신형전략순항미사일 시험발사를 진행했다고 밝힌 조선중앙통신 보도 내용 사진 연합뉴스 북한이 오늘 30일 아침 서해상으로 순항미사일 여러 발을 발사했다고 합동참모본부가 밝혔습니다. 합참은 오늘 오전 7시쯤 북측 서해상으로 발사한 미상 순항미사일 수 발을 포착했습니다. 합참은 “ 세부 제원 등은 한미 정보당국이 정밀분석 중에 있다”며 “우리 군은 감시 및 경계를 강화한 가운데 미측과 긴밀하게 공조하고 있으며 북한의 활동을 면밀히 주시하고 있다”고 말했습니다. 북한은 지난 28일 신포 앞 바다에서 순항미사일 2발을 발사한 지 이틀 만에 추가 도발에 나섰습니다.,0.0003782716899472451
북한 이틀 만에 또 순항미사일 발사‥의도는,뉴스데스크 앵커 북한이 오늘 또 순항미사일 여러 발을 발사했습니다. 일주일 사이 세 번이나 그것도 같은 순항 미사일을 발사한 건데 상당히 이례적입니다. 왜 이러는 걸까요. 이덕영 기자가 취재했습니다. 리포트 북한이 오늘 오전 7시쯤 서해상에서 순항미사일 여러 발을 발사했습니다. 합동참모본부는 순항미사일이 1천5백 2천km 거리를 정상 비행했다고 밝혔습니다. 북한이 앞서 발사했다고 주장한 신형 순항미사일 불화살 3 31형을 또 쏜 건지는 확인되지 않았습니다. 지난 24일 지상에서 서해를 향해 순항미사일을 쏜 뒤 이틀 전엔 함경남도 신포 일대 동해상에서 쏜 데 이어 다시 서해상에서 시험발사에 나선 겁니다. 일주일 사이 동·서해를 오가며 벌써 3번이나 순항미사일을 쏜 건데 같은 무기체계를 연달아 시험하는 건 이례적인 일입니다. 북한이 순항미사일 개발을 서두르는 동시에 빠른 속도로 성능 개량이 이뤄지고 있는 걸로 보입니다. 신종우 한국국방안보포럼 전문연구위원 북한이 계획한 대로 설계가 되었고 성능이 충족되었기 때문에 오늘은 사거리를 멀리해서 비행 거리를 검증하기 위한 시험을 한 것으로… 북한의 연이은 순항미사일 시험발사는 군사적 위협의 강도를 높이고 도발 수단을 다양화하려는 의도로 풀이됩니다. 최 일 잠수함연구소 소장 가장 효과적인 것 또 싸게 할 수 있는 것 충격이 가장 크게 갈 수 있는 것. 항상 새로 찾으면서 새로운 도발을 항상 시도해 왔는데 최근에 찾은 게 핵 어뢰하고 이 순항 미사일인 거죠. 또 일본 오키나와 미군기지를 사거리에 두는 타격 능력을 과시하는 한편 우크라이나와 전쟁을 이어가고 있는 러시아로의 수출을 위해 개발에 속도를 내고 있는 것 아니냐는 분석도 나옵니다. 북한의 신형 순항미사일은 우리 군의 방공망을 무력화할 수 있습니다. 순항미사일은 정밀 타격이 가능한데다 낮은 고도에서 수시로 궤도를 바꾸며 비행해 요격이 쉽지 않기 때문입니다. 여기에 북한의 주장대로 전술핵까지 탑재한다면 파괴력은 더 커집니다. MBC뉴스 이덕영입니다. 영상편집 박병근 MBC 뉴스는 24시간 여러분의 제보를 기다립니다.,0.00041127289362209723
국제대회서 인공기 게양 가능해져…북한 도핑 준수국 복귀종합,세계도핑방지기구 규약 비준수 리스트에서 북한·OCA 제외 항저우 아시안게임 폐회식 들어서는 인공기 연합뉴스 자료사진 서울 연합뉴스 이상현 기자 북한이 세계도핑방지기구 WADA 의 규약 준수국 지위를 회복했다. 30일 WADA에 따르면 기구는 최근 배포한 보도자료에서 북한 반도핑위원회를 규약 비준수 단체 리스트에서 제외했다고 밝혔다. 이는 북한 반도핑위원회가 국제규범을 지키지 않아 지난 2021년 10월 비준수 단체로 지정된 지 2년여만이다. WADA 산하 규정준수검토위원회 CRC 는 최근 제출된 북한의 자료를 검토한 결과 규약 준수국 복귀를 위한 조건을 성공적으로 달성했다고 평가했다. 다만 WADA는 북한 측 이행 조치를 구체적으로 설명하지는 않았다. 앞서 WADA는 신종 코로나바이러스 감염증 코로나19 대유행을 이유로 국경을 봉쇄한 북한이 국제 반도핑 규범을 따르지 않자 규약 비준수 단체로 지정했고 제재로 올림픽·패럴림픽을 제외한 국제대회에서 북한 국기의 게양을 금지했다. 그런데도 지난해 9월 항저우 아시안게임에서 인공기가 게양되자 이를 방조한 아시아올림픽평의회 OCA 에 벌금 50만달러 약 6억5천만원 를 부과하기도 했다. 북한이 WADA 규약 준수국 지위를 회복하면서 국제대회 인공기 게양도 가능해질 전망이다. WADA는 또 지난해 12월 벌금 50만달러를 완납한 OCA도 규약 비준수 단체 명단에서 제외했다. OCA는 규약 준수단체로 지위를 회복했다.,0.00042814846173344726
북한 최룡해 상임위원장 몽골 대사와 담화,평양 조선중앙통신 연합뉴스 김정은 북한 국무위원장의 위임에 따라 최룡해 최고인민회의 상임위원장이 지난 29일 만수대의사당에서 에르덴다바 몽골특명전권대사로부터 신임장을 받고 대사와 친선적인 분위기속에서 담화했다고 조선중앙통신이 30일 보도했다.,0.0004297775397586195
북한 최룡해 상임위원장 몽골 대사와 담화,평양 조선중앙통신 연합뉴스 김정은 북한 국무위원장의 위임에 따라 최룡해 최고인민회의 상임위원장이 지난 29일 만수대의사당에서 에르덴다바 몽골특명전권대사로부터 신임장을 받고 대사와 친선적인 분위기속에서 담화했다고 조선중앙통신이 30일 보도했다.,0.0004297775397586195
북한 최룡해 상임위원장 몽골 대사와 담화,평양 조선중앙통신 연합뉴스 김정은 북한 국무위원장의 위임에 따라 최룡해 최고인민회의 상임위원장이 지난 29일 만수대의사당에서 에르덴다바 몽골특명전권대사로부터 신임장을 받고 대사와 친선적인 분위기속에서 담화했다고 조선중앙통신이 30일 보도했다.,0.0004297775397586195
북한 지방발전 20×10 정책 관철 선전화 제작,평양 조선중앙통신 연합뉴스 김정은 북한 국무위원장이 제시한 지방발전 20×10 정책 관철을 위한 선전화를 새로 제작했다고 조선중앙통신이 30일 보도했다.,0.0004332265744311495
북한 지방발전 20×10 정책 관철 선전화 제작,평양 조선중앙통신 연합뉴스 김정은 북한 국무위원장이 제시한 지방발전 20×10 정책 관철을 위한 선전화를 새로 제작했다고 조선중앙통신이 30일 보도했다.,0.0004332265744311495
국제대회서 인공기 게양 가능해져…북한 도핑 준수국 복귀,세계반도핑기구 규약 비준수 리스트에서 북한 제외 항저우 아시안게임 폐회식 들어서는 인공기 연합뉴스 자료사진 서울 연합뉴스 이상현 기자 북한이 세계반도핑기구 WADA 의 규약 준수국 지위를 회복했다. 30일 WADA에 따르면 기구는 최근 배포한 보도자료에서 북한 반도핑위원회를 규약 비준수 단체 리스트에서 제외했다고 밝혔다. 이는 북한 반도핑위원회가 국제규범을 지키지 않아 지난 2021년 10월 비준수 단체로 지정된 지 2년여만이다. WADA 산하 규정준수검토위원회 CRC 는 최근 제출된 북한의 자료를 검토한 결과 규약 준수국 복귀를 위한 조건이 성공적으로 달성됐다고 평가했다. 다만 WADA는 북한 측 이행 조치를 구체적으로 설명하지는 않았다. 앞서 WADA는 코로나19 대유행을 이유로 국경을 봉쇄한 북한이 국제 반도핑 규범을 따르지 않자 규약 비준수 단체로 지정했고 제재 조치로 올림픽·패럴림픽을 제외한 국제대회에서 북한 국기의 게양이 금지됐다. 그런데도 지난해 9월 항저우 아시안게임에서 인공기가 게양되자 아시아올림픽평의회 OCA 에 벌금 50만 달러 약 6억5천만원 가 부과되기도 했다. 북한의 WADA 규약 준수국 지위를 회복하면서 국제대회 인공기 게양도 가능해질 전망이다.,0.000489727557959663
북한 서해로 순항미사일 발사…일주일 새 세 차례,앵커 북한이 또다시 서해상에서 순항미사일을 발사했습니다. 합동참모본부는 미상의 순항미사일 수 발을 포착하고 정확한 제원을 분석하고 있습니다. 북한은 일주일 새 세 번이나 순항미사일을 발사하면서 신형 미사일을 완성하려는 것으로 보입니다. 최지원 기자입니다. 기자 합참은 북한이 서해상으로 발사한 미상의 순항미사일 수 발을 포착했다 고 밝혔습니다. 동해상에서 신형 잠수함발사순항미사일 불화살 3 31 을 시험했다고 밝힌 지 이틀만이자 일주일 새 세 번째 도발입니다. 이성준 합참 공보실장 북측 서해상으로 발사된 미상 순항미사일 수발을 포착하였으며 한미 정보당국이 정밀 분석 중에 있습니다. 북한은 지난 24일 평양 인근 남포 일대에서 서해상으로 불화살 3 31 을 발사했고 지난 28일에는 동쪽 신포 일대의 해상에서 신형 순항미사일을 시험했습니다. 북한이 동서해를 오가며 순항미사일을 시험하고 있는 겁니다. 군 당국자는 이번 순항미사일이 지난번 발사된 것보다 더 넓은 면적의 타원형 궤도를 보였다며 북한이 주장한 정상 거리를 날았다 고 설명했습니다. 기존 순항미사일인 화살 1형의 사거리가 1 500㎞ 이상인 점을 고려하면 이번 미사일도 1 500㎞ 이상 비행한 것으로 보입니다. 군 당국자는 순항미사일의 성능 개량 시험에 무게를 두고 있다 며 기존 화살 1형과 2형의 개량형일 가능성도 있다 고 전했습니다. 전문가들은 북한이 신형 미사일 개발과정에 따라 시험단계를 밟아가고 있다고 분석했습니다. 오경섭 통일연구원 기조실장 여러 가지 기술적 문제를 정밀 분석하기 위해서는 당연히 시험발사해서 순항미사일이 최대의 성능을 내고 있는지를 확인할 필요가 있기 때문에… 군은 한미 공조하에 제원을 정밀 분석하며 북한의 추가 동향을 주시하고 있습니다. 연합뉴스TV 최지원입니다.,0.0005010209708957089
속보 북한 이틀 만에 또 순항미사일 여러 발 발사,북한이 지난 28일 동해상에서 발사했다고 주장한 신형 잠수함발사전략순항미사일 SLCM ‘불화살 3 31형’. 조선중앙TV 뉴시스 합동참모본부는 30일 “오전 7시쯤 북측 서해상으로 발사한 미상 순항미사일 수 발을 포착했다”고 밝혔다. 북한이 지난 28일 신포 앞 바다에서 순항미사일 2발을 발사한지 이틀만에 추가 도발에 나선 것이다. 합참은 이날 “육상인지 해상인지 발사 위치를 분석 ”이라고 했다.,0.0005369267224143246
북한 또 순항미사일 발사…일주일 사이 3번 도발,앵커 북한이 또 순항미사일을 발사했습니다. 일주일 사이 서해와 동해에서 순항미사일 세 번을 발사하며 도발을 이어가고 있습니다. 임종빈 기자가 보도합니다. 리포트 합동참모본부는 오늘 오전 7시 북한 서해상에서 순항미사일 여러 발을 포착했다고 밝혔습니다. 그제 신포 인근에서 잠수함 발사 순항미사일을 발사한지 이틀만입니다. 북한은 지난 24일에도 서해상으로 순항미사일을 발사했는데 일주일 사이 3번이나 순항미사일을 발사하며 도발에 나선 겁니다. 군 감시자산에 포착된 이번 미사일의 비행 거리는 1 500km 2 000km 정도인 것으로 전해졌습니다. 북한은 지난해 순항미사일 화살 1형과 2형을 시험 발사하며 비행 거리를 각각 1 500km와 1 800km로 설정했다고 주장한 바 있습니다. 군 관계자는 이번 미사일이 북한이 주장했던 정상거리로 비행했다며 기존 미사일의 성능 개량을 위한 발사로 보인다고 설명했습니다. 한미 정보당국은 미사일의 발사 장소와 경로 등을 정밀 분석하고 있습니다. 앞서 북한은 그제 발사한 순항미사일이 불화살 3 31형 이며 잠수함 발사 순항미사일이라고 주장했습니다. 그러면서 미사일이 2시간 넘게 비행해 목표물에 정확하게 명중했다고 주장했습니다. 하지만 우리 군 당국은 실제 비행거리는 훨씬 짧았다며 북한 발표가 과장됐을 가능성에 무게를 두고 있습니다. 순항미사일은 탄도미사일보다 속도는 느리지만 낮은 고도로 비행하며 레이더망을 피하고 다양한 선회·회피기동이 가능해 탐지와 요격이 쉽지 않은 것으로 알려졌습니다. KBS 뉴스 임종빈입니다.,0.0008328317907510125
북한 또 순항미사일 발사…일주일 사이 3번 도발,앵커 북한이 또 순항미사일을 발사했습니다. 일주일 사이 서해와 동해에서 순항미사일 세 번을 발사하며 도발을 이어가고 있습니다. 임종빈 기자가 보도합니다. 리포트 합동참모본부는 오늘 오전 7시 북한 서해상에서 순항미사일 여러 발을 포착했다고 밝혔습니다. 그제 신포 인근에서 잠수함 발사 순항미사일을 발사한지 이틀만입니다. 북한은 지난 24일에도 서해상으로 순항미사일을 발사했는데 일주일 사이 3번이나 순항미사일을 발사하며 도발에 나선 겁니다. 군 감시자산에 포착된 이번 미사일의 비행 거리는 1 500km 2 000km 정도인 것으로 전해졌습니다. 북한은 지난해 순항미사일 화살 1형과 2형을 시험 발사하며 비행 거리를 각각 1 500km와 1 800km로 설정했다고 주장한 바 있습니다. 군 관계자는 이번 미사일이 북한이 주장했던 정상거리로 비행했다며 기존 미사일의 성능 개량을 위한 발사로 보인다고 설명했습니다. 한미 정보당국은 미사일의 발사 장소와 경로 등을 정밀 분석하고 있습니다. 앞서 북한은 그제 발사한 순항미사일이 불화살 3 31형 이며 잠수함 발사 순항미사일이라고 주장했습니다. 그러면서 미사일이 2시간 넘게 비행해 목표물에 정확하게 명중했다고 주장했습니다. 하지만 우리 군 당국은 실제 비행거리는 훨씬 짧았다며 북한 발표가 과장됐을 가능성에 무게를 두고 있습니다. 순항미사일은 탄도미사일보다 속도는 느리지만 낮은 고도로 비행하며 레이더망을 피하고 다양한 선회·회피기동이 가능해 탐지와 요격이 쉽지 않은 것으로 알려졌습니다. KBS 뉴스 임종빈입니다.,0.0008328317907510125
북한 또 순항미사일 발사…일주일 사이 3번 도발,앵커 북한이 또 순항미사일을 발사했습니다. 일주일 사이 서해와 동해에서 순항미사일 세 번을 발사하며 도발을 이어가고 있습니다. 임종빈 기자가 보도합니다. 리포트 합동참모본부는 오늘 오전 7시 북한 서해상에서 순항미사일 여러 발을 포착했다고 밝혔습니다. 그제 신포 인근에서 잠수함 발사 순항미사일을 발사한지 이틀만입니다. 북한은 지난 24일에도 서해상으로 순항미사일을 발사했는데 일주일 사이 3번이나 순항미사일을 발사하며 도발에 나선 겁니다. 군 감시자산에 포착된 이번 미사일의 비행 거리는 1 500km 2 000km 정도인 것으로 전해졌습니다. 북한은 지난해 순항미사일 화살 1형과 2형을 시험 발사하며 비행 거리를 각각 1 500km와 1 800km로 설정했다고 주장한 바 있습니다. 군 관계자는 이번 미사일이 북한이 주장했던 정상거리로 비행했다며 기존 미사일의 성능 개량을 위한 발사로 보인다고 설명했습니다. 한미 정보당국은 미사일의 발사 장소와 경로 등을 정밀 분석하고 있습니다. 앞서 북한은 그제 발사한 순항미사일이 불화살 3 31형 이며 잠수함 발사 순항미사일이라고 주장했습니다. 그러면서 미사일이 2시간 넘게 비행해 목표물에 정확하게 명중했다고 주장했습니다. 하지만 우리 군 당국은 실제 비행거리는 훨씬 짧았다며 북한 발표가 과장됐을 가능성에 무게를 두고 있습니다. 순항미사일은 탄도미사일보다 속도는 느리지만 낮은 고도로 비행하며 레이더망을 피하고 다양한 선회·회피기동이 가능해 탐지와 요격이 쉽지 않은 것으로 알려졌습니다. KBS 뉴스 임종빈입니다.,0.0008328317907510125
북한 평양지방 격차 해소에 총력…총책은 조용원 당 조직비서,앵커 북한은 최근 순항미사일을 연거푸 쏘며 정세 긴장 수위를 높이면서도 내부적으로는 평양과 지방 간 격차 해소에 총력을 쏟고 있습니다. 지방 발전을 위한 추진위원회까지 만들었다고 하는데요. 김정은 국무위원장 최측근인 조용원 노동당 조직비서가 위원회 총책입니다. 지성림 기자입니다. 기자 북한은 지방 발전을 위한 비상설 중앙추진위원회 가 구성돼 정식 업무에 돌입했다고 밝혔습니다. 지방 발전 추진위원회 총책임자는 김정은의 최측근인 조용원 노동당 조직비서가 맡았습니다. 북한 당국이 이처럼 지역 발전에 사활을 거는 것은 지방 주민들의 커가는 불만을 의식했기 때문으로 보입니다. 김정은은 새해 들어 최고인민회의와 노동당 정치국 확대회의 등 주요 계기 때마다 평양과 지방 간 격차 해소를 강조했습니다. 김정은 북한 국무위원장 전국적 판도에서 지역 인민들의 초보적인 물질·문화 생활 수준을 한 계단 비약시키려는 우리 당의 이 정책을 지방 발전 20×10 정책 으로 명명하고 강력하게 추진하자고 합니다. 김정은의 구상은 전역의 모든 시·군에 현대적인 지방공업 공장을 건설하는 것을 목표로 1년에 20개 시·군씩 10년 동안 추진한다는 겁니다. 하지만 북한이 지방 발전 계획을 달성하기 위해 필요한 자원을 확보하는 건 쉽지 않아 보입니다. 통일부 당국자는 북한이 기존 5개년 계획의 분야별 과업도 수행해야 한다며 이를 고려하면 지방공장 건설과 운영에 충분한 재정·설비·자재를 뒷받침할 수 있을지 미지수 라고 지적했습니다. 평양 공화국 이란 말이 생겨날 정도로 평양과 지방 간 격차는 김일성·김정일 정권 때부터 북한 당국의 골칫거리였습니다. 식량 배급이나 주거·교육·의료 인프라 서비스 등 모든 분야에서 평양과 지방 간 불평등은 지속해서 악화했습니다. 연합뉴스TV 지성림입니다.,0.0010669957264815328
북한 서해로 순항미사일 발사‥이틀 만에 또 도발,뉴스외전 앵커 북한이 오늘 오전 서해상에서 순항미사일 여러 발을 발사했습니다. 동해상에서 순항미사일을 쏜 지 이틀 만인데요. 이달 들어서만 벌써 3번째로 순항미사일을 쏘며 성능 개량 시험에 나선 것으로 보입니다. 이덕영 기자입니다. 리포트 북한이 오늘 오전 7시쯤 서해상으로 순항미사일 여러 발을 발사해 우리 군에 포착됐습니다. 이성준 합동참모본부 공보실장 우리 군은 감시 및 경계태세를 강화한 가운데 미측과 긴밀하게 공조하고 있으며 북한의 활동을 면밀히 주시하고 있습니다. 북한의 순항미사일 발사는 지난 28일 이후 이틀 만으로 이달 들어 3번째 발사입니다. 앞서 북한은 지난 24일에는 서해를 향해 지상에서 순항미사일을 쐈습니다. 또 지난 28일에는 동해 신포 일대 앞바다에서 순항미사일을 발사했습니다. 당시 잠수함에서 직접 발사한 것인지 해상 바지선에서 발사한 것인지는 확인되지 않았습니다. 전략핵공격잠수함에서 발사할 수 있는 순항미사일을 시험 중인 것으로 보입니다. 발사 플랫폼을 바꿔가며 동·서해에서 잇따라 순항미사일을 쏘고 있는데 북한이 개발 중인 신형 순항미사일 불화살 3 31의 성능개량을 위한 시험을 계속하고 있는 것으로 분석됩니다. 특히 오늘 쏜 순항미사일은 원 모양 등의 궤도를 그렸던 이전과 달리 1천500 2천km를 정상 비행한 것으로 합참은 보고 있습니다. 순항미사일 발사는 유엔 안보리 제재 대상이 아니어서 북한의 시험발사를 제지할 수 없습니다. 이런 가운데 북한은 소형 핵탄두를 탑재할 수 있는 순항미사일 개발에 적극 나서고 있고 김정은 국무위원장 역시 해군의 핵무장화를 강조하고 있습니다. MBC뉴스 이덕영입니다. MBC 뉴스는 24시간 여러분의 제보를 기다립니다.,0.0013201676477543895
북한 서해상으로 순항미사일 여러 발 발사…이틀 만에 도발,김정은 북한 국무위원장이 지난 28일 오전 새로 개발된 잠수함발사전략순항미사일 불화살 3 31형 의 시험발사를 지도했다고 조선중앙TV가 29일 보도했다. 조선중앙TV 화면 국내에서만 사용가능. 재배포 금지. For Use Only in the Republic of Korea. No Redistribution 연합뉴스 북한이 이틀 만에 또 서해상으로 순항미사일 발사를 감행했다. 30일 합동참모본부는 북한이 이날 오전 7시쯤 북측 서해상으로 발사한 순항미사일 수 발을 포착했다 고 밝혔다. 이는 잠수함발사순항미사일 SLCM 불화살 3 31 도발 이후 이틀 만이다. 합참은 한미 정보당국이 정밀분석 중에 있다 며 우리 군은 감시 및 경계를 강화한 가운데 미측과 긴밀하게 공조하고 있으며 북한의 활동을 면밀히 주시하고 있다 고 덧붙였다. 앞서 지난 24일 북한은 신형 잠수함발사순항미사일 SLCM 불화살 3 31 순항미사일을 서해에서 28일에는 같은 미사일을 함경남도 신포에서 잠수함발사전략순항미사일 으로 발사했다고 밝힌 바 있다. 이튼날 북한은 공식매체를 통해 시험 발사한 것이라고 주장했다.,0.0019237687832819985
평양돋보기 북한 겨울나기 스키장 홍보하지만 주민은 추위에,앵커멘트 요즘 같이 매서운 추위에 북한 주민들은 어떻게 겨울을 보내고 있을까요 평양돋보기에서 강재묵 기자와 얘기 나눠보겠습니다. 질문1 강 기자 북한이 우리보다 북쪽인 만큼 훨씬 추울텐데 얼마나 춥습니까 답변 네 다들 한파로 고생하셨을 지난 주 날씨로 비교해봤습니다. 우리나라가 영하 10도 전후의 기온을 기록할 때 북한에서는 영하 30도에 임박하는 지역까지 확인됐는데요. 평양의 1월 평균 기온이 영하 10도 안팎으로 알려져 있거든요. 우리가 한파라고 표현하는 수준의 추위가 일상이다 라고 이해해 주시면 될 것 같습니다. 질문2 최근 김정은 국무위원장은 지방에 생필품이 제대로 공급이 안되고 있다고 지적을 했는데요. 그러면 평양이 아닌 지방에 거주하는 주민들은 겨울나기가 훨씬 더 힘들 것 같은데요 답변 네 생활수준에 따른 난방 수준 역시 자연스레 다르겠죠. 하지만 문제는 평양 시민도 우리가 흔히 생각하는 따뜻한 생활 을 하는 것은 아니라는 사실입니다. 북한이탈주민 분께 직접 들어봤습니다. 인터뷰 ☎ 노현정 NK경제인연합회 회장 탈북민 출신 난로가 안 되니깐 전기가 안 들어오고 하니 그렇게 옷을 다 껴입고 수건까지도 얼굴에 다 감고…. 눈썹 위에 성에가 끼고 해요. 심각한 전력난에 시달리는 만큼 도심 건물도 추위를 피할 수 없다는 설명입니다. 또 지방은 땔감으로 쓸 나무는 물론 풀뿌리조차 찾기 힘든 환경이기 때문에 혹독한 추위에 삶을 마감하는 경우도 적지 않다고 전했습니다. 질문3 그런데 정작 북한 당국 또는 관영 언론을 보면 겨울스포츠 홍보가 한창이라고요 답변 네 최근 북한 방송을 보면 스케이트장과 스키장을 즐기는 북한 주민들 모습이 여럿 담겼는데요. 앞서 설명 드리던 상황과는 상반된 모습입니다. 때문에 해당 영상은 북한 주민이 아닌 해외 관광객을 대상으로 하고 있다는 분석이 나오고 있습니다. 최근에는 북한 스키장을 이용하는 러시아 여성 인플루언서의 영상이 때마침 주목돼 화제가 되기도 했는데요. 인터뷰 러시아 인플루언서 제가 북한에 두 달 정도 산다는 거 아시죠 1월 초에는 마식령 스키장에 갈 기회가 있었어요. 북한은 인터넷이나 SNS 사용이 상당히 제한되는 국가인 만큼 해당 영상에는 러시아 대사관이 연관돼 있을 수 있다는 분석도 나오는 중입니다. 질문4 자국민보다 관광객을 더 신경쓴다는 건데 결국 외화를 벌기 위해서겠어요 답변 맞습니다. 극심한 경제난을 대북 제재와 무관한 관광 사업으로 돌파하겠다는 의지로 해석됩니다. 실제 다음 달 9일부터는 러시아 관광객 100여 명이 마식령 스키장 단체 방문을 예정하고 있는 것으로도 알려졌는데요. 코로나19 이후 처음 맞이하는 해외 단체 손님이 되는 건데 북한은 앞으로도 러시아·중국을 향한 대외 홍보를 계속해서 이어갈 것으로 보입니다. 앵커 겨울 추위를 두고 펼처진 상반된 모습이 인상 깊네요. 여기까지 듣겠습니다.,0.0029225407196221387
탈북민정착지원협의회 다음 달 2일 개최...북한이탈주민의 날 제정 협의,통일부는 다음 달 2일 문승현 차관 주재로 북한이탈주민 보호 및 정착지원협의회 를 연다고 밝혔습니다. 이번 회의에는 20개 중앙부처와 3개 자치단체가 참석해 윤석열 대통령이 지난 16일 지시한 북한이탈주민의 날 제정과 탈북민 정착 지원 강화 방안을 논의합니다. 문 차관은 앞서 다음 달 1일엔 충남 공주에서 열리는 북한이탈주민정착지원사무소 교육 과정인 가정문화체험 에 동참하고 충남 예산에 들러 국내 정착에 성공한 탈북민 김나현 씨의 사업장을 방문할 예정입니다.,0.0030957064361841675
데일리안 오늘뉴스 종합 윤 대통령 이태원 참사 특별법 거부권 행사…취임 후 5번째 동에 번쩍 서에 번쩍…북한 이틀 만에 순항미사일 또 쐈다 등,윤석열 대통령이 30일 경기 성남 판교제2테크노밸리 기업지원허브에서 상생의 디지털 국민권익 보호 주제로 열린 일곱 번째 국민과 함께하는 민생토론회에서 관련 영상을 시청하고 있다. ⓒ대통령실 데일리안 황인욱 기자 윤 대통령 이태원 참사 특별법 거부권 행사…취임 후 5번째 윤석열 대통령이 이태원 참사 특별법에 대한 재의요구권 거부권 을 행사했다. 윤 대통령의 거부권 행사는 취임 후 5번째다. 개별 법안으로 보면 9건째다. 대통령실은 30일 오후 윤 대통령이 오늘 오전 국무총리 주재 국무회의에서 의결된 10·29 이태원 참사 피해자 권리보장과 진상규명 및 재발방지를 위한 특별법안 재의요구안 을 재가했다 고 밝혔다. 앞서 정부는 이날 한덕수 국무총리 주재로 열린 국무회의에서 이태원 참사 특별법 재의요구안을 상정해 심의·의결했다. 동에 번쩍 서에 번쩍…북한 이틀 만에 순항미사일 또 쐈다 북한이 동서해를 오가며 순항미사일 도발을 거듭하고 있다. 합동참모본부는 30일 우리 군은 오늘 오전 7시경 북측 서해상으로 발사한 미상 순항미사일 수 발을 포착했다 며 한미 정보당국이 정밀분석 중 이라고 밝혔다. 앞서 북한은 지난 24일과 28일에도 순항미사일 도발에 나선 바 있다. 일본 외무상 독도는 일본 고유의 영토 …외교부 즉각 항의 일본 외무상이 연례 외교연설에서 한국 고유 영토인 독도를 일본 땅이라고 주장했다. 이에 정부는 강력 항의했다. 가미카와 요코 일본 외무상은 30일 정기국회 외교연설에서 역사적 사실에 비춰 봐도 국제법상으로도 일본 고유의 영토 라며 이러한 기본적인 입장에 근거해 의연하게 대응하겠다 고 말했다. 이번 외교연설이 새삼스러운 일은 아니며 일본 외무상은 문재인정권 시절을 포함해 지난 11년간 빠짐없이 독도가 일본 땅이라는 망언을 지속해 왔다. 이재명 피습 후 정치인 살인예고 6건…경찰 엄정히 단속할 것 더불어민주당 이재명 대표와 국민의힘 배현진 의원 피습 사건으로 정치인들의 신변 안전 우려가 커지는 가운데 이달에만 정치인을 대상으로 한 살인 예고가 최소 6건 발생해 경찰이 수사 중인 것으로 파악됐다. 30일 연합뉴스에 따르면 이 대표가 습격당한 지난 3일 이후 이날 현재까지 전국에서 경찰이 수사하는 정치인 살인 예고·협박 사건은 총 6건이다. 경찰은 이 가운데 4건의 피의자를 검거했고 2건은 아직 추적 중이다. 예고 대상은 이 대표가 4건으로 가장 많고 국민의힘 한동훈 비상대책위원장 1건 민주당사 1건이다. 국민·신한·하나·농협 4개 은행 ELS 판매 전면 중단 종합 홍콩 항셍중국기업지수 H지수 주가연계증권 ELS 대규모 손실 사태로 주요 은행들이 ELS를 당분간 팔지 않겠다고 선언했다. 5대 은행 중 KB국민·신한·하나·NH농협 등 4곳의 은행이 ELS 관련 상품 판매를 전격 중단했다. 30일 금융권에 따르면 국민과 신한은행은 이날 비예금상품위원회를 열고 오후에 ELS 상품 판매를 전면 중단키로 결정했다. 北 홍콩·리비아 재외공관도 철수…외교부 계속 주시 중 북한이 홍콩과 리비아 재외공관도 철수한 것으로 확인됐다. 북한 재외공관의 잇따른 폐쇄는 재정난 때문으로 분석된다. 외교부가 30일 홈페이지에 게시한 북한 재외공관 현황에 따르면 지난해 12월 기준 북한 공관 수는 44곳 뿐이다. 본래 46곳이었는데 2곳이 줄어들었다. 줄어든 공관 2곳은 홍콩과 리비아다.,0.010007502267248381
북한 이틀 만에 순항미사일 도발...서해상으로 여러 발 발사,김정은 북한 국무위원장이 지난 28일 현지시각 신형 잠수함발사전략순항미사일 SLCM 불화살 3 31형 시험발사를 지도했다고 29일 북한 조선중앙TV가 보도했다. 조선중앙TV 뉴시스 북한이 서해상으로 순항미사일 발사를 감행했다. 잠수함발사순항미사일 SLCM 불화살 3 31 도발 이후 이틀 만이다. 30일 합동참모본부는 북한이 이날 오전 7시쯤 북측 서해 상으로 발사한 순항미사일 수 발을 포착했다 고 밝혔다. 합참은 한미 정보당국이 정밀분석 중에 있다 며 우리 군은 감시 및 경계를 강화한 가운데 미측과 긴밀하게 공조하고 있으며 북한의 활동을 면밀히 주시하고 있다 고 덧붙였다. 북한은 지난 24일 불화살 3 31 순항미사일을 서해에서 28일에는 같은 미사일을 함경남도 신포에서 잠수함발사전략순항미사일 으로 발사했다고 밝힌 바 있다.,0.0913212438053456
북한 이틀 만에 또 순항미사일 여러 발 발사,북한이 2021년 9월 11일과 12일 실시한 신형 장거리순항미사일 시험발사 장면. 〈사진 조선중앙통신〉 북한이 이틀 만에 또 순항미사일을 발사했습니다. 우리 군은 오늘 30일 07시쯤 북측 서해 상으로 발사한 미상 순항미사일 여러 발을 포착했다 며 현재 한미 정보당국이 정밀분석 중 이라고 밝혔습니다. 이어 감시 및 경계를 강화한 가운데 미국 측과 긴밀하게 공조하고 있으며 북한의 활동을 면밀히 주시하고 있다 고 덧붙였습니다. 북한이 순항미사일을 발사한 것은 지난 28일에 이어 이틀 만입니다.,0.1571081254823121
속보 합참 북한 서해상으로 순항미사일 발사,합동참모본부는 30일 북한이 이날 오전 7시쯤 북측 서해 상으로 발사한 순항미사일 수 발을 포착했다 고 밝혔다. 발로 뛰는 더팩트는 24시간 여러분의 제보를 기다립니다.,0.3362452029508389
‘순항미사일핵잠수함’ 집착하는 북한…노림수는,앵커 왜 순항미사일일까요 탄도미사일보다 사거리는 짧지만 발사 초기에 탐지되지 않아서 가까운 목표물을 정밀 타격하는게 가능하기 때문입니다. 특히 잠수함에서 발사하는 순항미사일은 멀리 떨어진 목표물도 위협합니다. 핵 무력 완성의 마지막 단계인 핵 잠수함 개발을 위해 북한은 러시아 등과 군사협력 강도를 강화하고 있습니다. 임종빈 기자가 보도합니다. 리포트 북한이 핵잠수함 개발 계획을 공개한 건 2021년 1월. 노동당 당대회에서 핵잠수함 건조를 핵심 과업으로 제시했습니다. 조선중앙TV 2021년 1월 핵 장거리 타격 능력을 제고하는 데서 중요한 의의를 가지는 핵잠수함과 수중발사핵전략무기를 보유할 데 대한 과업이 상정되었습니다. 최근 김정은 북한 국무위원장은 핵추진 잠수함 사업의 집행 방안에 대한 중요 결론을 제시하며 진척을 독려하기도 했습니다. 소형원자로를 동력원으로 사용하는 핵잠수함은 재래식 잠수함과 달리 수중에서 무한작전이 가능하다는 평가를 받고 있습니다. 사거리가 비교적 짧은 순항미사일로도 미국 본토 가까이에서 기습 타격이 가능한 치명적인 무기 체계가 될 수 있는 겁니다. 그러나 북한이 실제 기술력을 확보했는지는 미지수입니다. 핵잠수함을 건조하기 위해서는 핵 동력 체계뿐만 아니라 심해에서 견딜 수 있는 선체와 배관을 갖춰야 하는 등 재래식 잠수함과 비교해 모든 부분에서 고도의 기술력이 필요합니다. 그럼에도 북한이 핵잠수함 건조를 공언하는 이유는 미국을 상대로 핵 균형을 이루기 어려운 상태에서 공격 체계를 다각화했다는 점을 과시해 대외 협상력을 끌어올리려는 의도라는 분석입니다. 최일 잠수함연구소장 손원일함 초대 함장 핵잠수함이 어떤 상징성도 있고 주변국에서 많이 긴장을 하겠죠. 그것을 노리는데 현 기술 수준은 북한 잠수함의 건조 기술은 전 세계에서 가장 낮죠. 다만 중국이나 최근 북한이 군사 협력을 강화하는 러시아의 지원으로 기술적 진전이 빨라질 수 있어 우리 군이 수중 킬체인 강화 등을 통해 대응 단계를 높여야 한다는 지적도 나옵니다. KBS 뉴스 임종빈입니다.,0.5027803452066923
북한 김화군 인민생활 향상 사례 조명…지방경제 발전 강조,평양 노동신문 뉴스1 북한 노동당 기관지 노동신문은 30일 김화군의 지방공업공장들에서 지난 2년간 공업 생산액이 2배 이상으로 장성하고 군 인민들의 사상정신 상태와 물질문화생활 영역에서 놀라운 진전이 이룩되고 있다 면서 이는 당의 지방공업 발전 정책의 정당성과 생활력을 뚜렷이 실증해 준다 라고 전했다.,0.6587296336608119
북한 지방경제 발전 부각…인민들이 실질적 덕 본다,평양 노동신문 뉴스1 북한 노동당 기관지 노동신문은 30일 김화군의 지방공업공장들에서 지난 2년간 공업 생산액이 2배 이상으로 장성하고 군 인민들의 사상정신 상태와 물질문화생활 영역에서 놀라운 진전이 이룩되고 있다 면서 이는 당의 지방공업 발전 정책의 정당성과 생활력을 뚜렷이 실증해 준다 라고 전했다.,0.6587296336608119
지방경제 발전 기조 강조하는 북한…김화군 공업 생산액 2배,평양 노동신문 뉴스1 북한 노동당 기관지 노동신문은 30일 김화군의 지방공업공장들에서 지난 2년간 공업 생산액이 2배 이상으로 장성하고 군 인민들의 사상정신 상태와 물질문화생활 영역에서 놀라운 진전이 이룩되고 있다 면서 이는 당의 지방공업 발전 정책의 정당성과 생활력을 뚜렷이 실증해 준다 라고 전했다.,0.6587296336608119
북한 김화군 공업 생산액 2배 증가 선전…지방경제 발전 강조,평양 노동신문 뉴스1 북한 노동당 기관지 노동신문은 30일 김화군의 지방공업공장들에서 지난 2년간 공업 생산액이 2배 이상으로 장성하고 군 인민들의 사상정신 상태와 물질문화생활 영역에서 놀라운 진전이 이룩되고 있다 면서 이는 당의 지방공업 발전 정책의 정당성과 생활력을 뚜렷이 실증해 준다 라고 전했다.,0.6587296336608119
북한의 멈추지 않는 위성 욕심… 만리경 4호 출현은 기정사실,노동신문 정찰위성 성공에 미국 속 뒤틀려 우주산업 국제법 따라 계획대로 추진할 것 조선중앙TV가 지난 23 24일 조선노동당 중앙위원회 제8기 제19차 정치국 확대회의가 김정은 북한 국무위원장이 참석한 가운데 열렸다고 25일 보도했다. 평양 조선중앙TV 뉴시스 지난해 정찰위성발사에 성공한 북한이 멜리사 돌턴 미국 공군 차관 지명자가 북한을 우주활동에 위협이 되는 국가로 지목한 것을 두고 정상적인 우주 활동마저 범죄 로 몰아간다 고 비판했다. 이어 올해 최소 3기의 추가 위성 발사를 예고했다. 북한 노동당 기관지 노동신문은 30일 미국이 우주개발분야에서까지 북한을 모함하기 위한 흑색선전에 열을 올리고 있다 며 이같이 밝혔다. 돌턴 미국 공군 차관 지명자가 의회 인사청문회 서면에서 내놓은 북한 우주 사업에 대한 비판에 맞대응하는 성격이다. 신문은 이어 우리가 정찰위성 보유와 같이 우주산업 건설 목표 달성을 위한 큰 걸음을 내짚자 배가 아프고 속이 뒤틀려 지금과 같이 추악하고 치졸한 모략수법에 매여달리는 것 이라고 주장했다. 그러면서 여기에는 우리의 정상적 우주활동마저 범죄 로 몰아감으로써 세계적 경쟁무대로 되고 있는 우주개발 분야에서 우리를 배제시키려는 악심이 깔려 있다 고 했다. 또한 신문은 지난해 11월 성공한 북한 최초의 군사정찰위성 만리경 1호 에 대해 미국을 비롯한 적대세력들의 침략적 위협에 대처해 국가의 안전과 인민의 안녕을 지키기 위해 결행된 자주적 결단의 산아 라며 만리경 2호 3호 4호가 출현하게 되는 것은 기정사실 이라고 밝혔다. 1호에 이어 최소 3기의 추가 발사를 예고한 셈이다. 신문은 미국이 그 어떤 감투를 씌우든 우리의 우주산업 건설은 국제법에 의한 보편적 권리에 따라 국가발전의 합법적 요구에 따라 계획대로 추진될 것 이라고 덧붙였다. 김정은 북한 국무위원장은 지난해 노동당 전원회의에서 올해 군사정찰위성 3기 추가 발사 계획을 언급하며 실현해야 할 과업 으로 천명했다. 김 위원장의 지시에 따라 추가발사 준비 작업이 진행 중임을 유추할 수 있다. 유엔 안전보장이사회 안보리 는 대북제재 결의에 따라 탄도미사일 기술과 유사한 북한의 위성 기술 개발을 금지하고 있다.,0.717242997362519
북한 이틀 만에 순항미사일 수발 서해상으로 발사,the300 서울 뉴스1 김도우 기자 북한이 한미일 연합해상훈련에 대응해 수중핵무기체계 해일 5 23 시험을 진행했다고 밝힌 1월19일 서울역 대합실에서 시민들이 북한 관련 뉴스를 시청하고 있다. 북한 국방성 대변인은 이날 조선중앙통신을 통해 무모한 군사적 대결 광기를 절대로 묵인하지 않을 것이다 라는 제목의 담화를 통해 이달 15일부터 17일까지 진행된 한미일 연합해상훈련을 언급하며 우리 국가의 안전을 심중히 위협하는 행위로 된다 라고 지적했다. 그러면서 국방과학원 수중무기체계연구소가 개발 중에 있는 수중핵무기체계 해일 5 23 의 중요시험을 조선 북한 동해수역에서 진행하였다 라고 밝혔으며 다만 중요시험 의 시점이나 이동거리 등을 공개하진 않았다. 2024.1.19 뉴스1 Copyright C 뉴스1. All rights reserved. 무단 전재 및 재배포 AI학습 이용 금지. 북한군이 30일 오전 서해상으로 순항미사일을 발사했다. 합동참모본부는 우리 군은 오늘 7시 쯤 북측 서해상으로 발사한 미상 순항미사일 수 발을 포착했다 며 한미 정보당국이 정밀분석 중 이라고 밝혔다. 합참은 우리 군은 감시 및 경계를 강화한 가운데 미측과 긴밀하게 공조하고 있으며 북한의 활동을 면밀히 주시하고 있다 고 했다. 북한의 탄도미사일 발사는 유엔 안전보장이사회가 금지한 북한의 탄도미사일 발사와 달리 대북 결의 위반이 아니다. 다만 북한은 순항미사일에 핵탄두를 탑재가 가능하다는 등 선전을 하며 위협을 가해왔다.,0.8155759833392664
동에 번쩍 서에 번쩍…북한 이틀 만에 순항미사일 또 쐈다,일주일 새 3차례나 쏘아올려 북한의 순항미사일 발사 장면 자료사진 ⓒ조선중앙통신 데일리안 강현태 기자 북한이 동서해를 오가며 순항미사일 도발을 거듭하고 있다. 합동참모본부는 30일 우리 군은 오늘 오전 7시경 북측 서해상으로 발사한 미상 순항미사일 수 발을 포착했다 며 한미 정보당국이 정밀분석 중 이라고 밝혔다. 앞서 북한은 지난 24일과 28일에도 순항미사일 도발에 나선 바 있다. 우리 군에 따르면 24일에는 서해상으로 28일에는 동해상으로 순항미사일이 발사됐다. 일주일 동안 동서해를 오가며 순항미사일 여러 발을 잇따라 쏘아올린 셈이다. 합참은 우리 군은 감시 및 경계를 강화한 가운데 미국 측과 긴밀하게 공조하고 있다 며 북한의 활동을 면밀히 주시하고 있다 고 전했다. 이성준 합참 공보실장은 이날 국방부 정례브리핑에서 지상인지 해상인지 발사 장소를 확인해줄 수 있느냐 는 질문에 분석 중 이라고 답했다.,0.9360972592363055
북한 이틀 만에 서해상으로 순항미사일 여러 발 발사,자료사진 합동참모본부는 북한이 오늘 아침 7시쯤 서해상으로 순항미사일 여러 발을 발사했다고 밝혔습니다. 북측 서해상으로 발사된 순항미사일의 자세한 제원은 한미 정보당국이 정밀 분석 중입니다. 합참은 감시와 경계를 강화한 가운데 미 측과 긴밀히 공조하고 있으며 북한의 활동을 면밀히 주시하고 있다 고 설명했습니다. 군 당국은 북한이 오늘 발사한 순항미사일이 1천5백에서 2천킬로미터 정도의 정상적인 비행거리에 가깝게 날았을 가능성이 높다고 보는 것으로 알려졌습니다. 합참이 북한이 발사한 순항미사일을 포착해 발표한 것은 이달 들어 이번이 세 번째입니다. 앞서 북한은 지난 24일 서해상으로 불화살 3 31형 을 여러 발 발사했고 지난 28일에는 함경남도 신포시 인근에서 불화살 3 31형 2발을 발사했습니다.,0.9578127473996758
속보 북한 이틀 만에 또 순항미사일 여러 발 발사,파이낸셜뉴스 서울 뉴시스 김정은 북한 국무위원장이 지난 28일 현지시각 신형 잠수함발사전략순항미사일 SLCM 불화살 3 31형 시험발사를 지도했다고 29일 북한 조선중앙TV가 보도했다.,0.9882113299748643
북한 평양산원에서 543번째 세 쌍둥이 출산,평양 노동신문 뉴스1 북한 노동당 기관지 노동신문은 30일 평양산원에서 지난 29일 올해 첫 번째로 퇴원하는 세 쌍둥이 소식을 전했다. 평양산원에서 출생한 543번째 세 쌍둥이다. 의료일꾼들의 각별한 관심 속 순조롭게 해산한 세 쌍둥이 부모에겐 금반지를 비롯한 선물이 제공됐다.,0.989462389967581
윤 대통령 북한은 비이성적인 집단 접경지 도발 등 우려,앵커멘트 이처럼 북한의 도발이 계속 이어지는 가운데 윤석열 대통령은 중앙통합방위회의와 군 주요 지휘관 회의를 잇달아 주재했습니다. 4월 총선을 앞두고 북한의 여러 도발이 예상된다며 민관차원의 총력 안보에 힘써야 한다고 강조했습니다. 전정인 기자입니다. 기자 국무위원과 지방자치단체장들이 참석한 가운데 녹색 민방위복을 입은 윤석열 대통령이 입장합니다. 국가통합방위태세를 점검하기 위해 열린 중앙통합방위회의입니다. 작년에 이어 2년 연속 회의를 주재한 윤 대통령은 최근 북한의 각종 도발을 반민족·반통일 행위라고 강도높게 비판했습니다. 인터뷰 윤석열 대통령 북한 정권은 전 세계에서 유일하게 핵 선제 사용을 법제화한 비이성적인 집단입니다. 특히 올해는 총선이 있어 접경지 도발 사이버 공격 등 선거 개입을 위한 북한의 여러 도발이 예상된다고 전망했습니다. 인터뷰 윤석열 대통령 기본적으로 군이 방위를 책임지지만 안보위기가 발생했을 때에는 민관군경이 협력하는 국가 총력 대비 시스템을 강화해야 합니다. 이번 회의에는 최초로 국민 참관단 11명이 참석하고 북한의 장사정포 도발 등 시나리오를 상정해 실전 대응을 점검하는 방식으로 진행됐습니다. 윤 대통령은 이어 군 주요 지휘관 회의도 직접 주재하며 북한 도발에 대한 우리 군사대비태세를 점검했습니다. 스탠딩 전정인 기자 대통령실은 윤 대통령이 온종일 안보행보를 이어간 것은 그만큼 안보상황이 엄중하다는 인식 속에 이뤄진 것이라고 설명했습니다. MBN뉴스 전정인입니다.,0.9911952061733114
북한 농기계 공업발전2023 전시회 성황리 진행,평양 노동신문 뉴스1 북한 노동당 기관지 노동신문은 30일 농기계전시회인 농기계 공업발전 2023 이 3대혁명전시관에서 연일 성황리에 진행되고 있다고 보도했다. 전시회에선 농기계 관련 기술교류와 함께 주문계약 등도 진행됐다고 한다.,0.9970073747333033
북한 의료일꾼들에 양심과 인간애를 통한 책임감 강조,평양 노동신문 뉴스1 북한 노동당 기관지 노동신문은 30일 모든 일꾼들이 깨끗한 양심과 고결한 인간애 를 갖고 자기 직분에 대한 책임감을 가질 것을 촉구했다.,0.9984047844587339
합참 북한 서해상으로 순항미사일 수 발 발사,앵커 북한이 오늘 오전 서해상으로 순항미사일을 발사했다고 합동참모본부가 밝혔습니다. 이틀 만에 또 순항미사일을 발사한 건데요. 우리 군은 정확한 제원을 분석 중입니다. 자세한 내용 국방부 취재기자 연결해 들어봅니다. 최지원 기자. 기자 네 합참은 오늘 30일 오전 7시쯤 북한이 서해상으로 발사한 미상의 순항미사일 수 발을 포착했다고 밝혔습니다. 이틀 만에 또다시 순항미사일 발사에 나선 겁니다. 북한은 지난 24일 올해 들어 처음 서해상으로 순항미사일을 수 발 발사한 뒤 닷새만인 지난 28일 동해상에서 순항미사일 시험에 나섰습니다. 북한은 앞서 두 차례 발사한 순항미사일이 신형 전략순항미사일 불화살 3 31 이라고 밝힌 바 있습니다. 북한이 동서해를 오가며 신형 순항미사일을 시험하고 있는 것으로 보입니다. 우리 군은 정확한 제원을 분석하고 있는데 군 당국자는 지난 24일 발사 때보다 더 넓은 면적의 타원형 궤도를 보였다고 설명했습니다. 이번 미사일은 더 넓어진 궤도로 돌며 1 500㎞ 이상을 비행한 것으로 알려졌습니다. 군 당국자는 북한이 순항미사일 성능을 계속 개량하고 있는 것으로 보인다 며 기존 화살 1형과 2형의 개량형일 가능성도 있다 고 짚었습니다. 북한은 최근 연이어 순항미사일을 발사하면서 한반도 전역을 물론 주일미군까지 겨냥한 실제 공격 능력을 과시하려는 것으로 보입니다. 순항미사일은 낮게 날고 자유롭게 궤도를 변경할 수 있어 요격이 까다롭습니다. 군 당국자는 궤도가 일정하지 않기 때문에 비행시간 역시 정확한 추정은 어렵다 고 설명했습니다. 우리 군은 감시 및 경계를 강화하고 미 측과 긴밀하게 공조하며 북한의 추가 동향을 주시하고 있습니다. 지금까지 국방부에서 전해드렸습니다.,0.9984423718948428
북한 러시아로부터 지난해 정제유 5만배럴 공급 받아,러시아 유엔 대북제재위에 지난해 3 12월 공급분 보고 미국 정부가 대북 독자 제재 대상으로 지정된 러시아 선박 세바스토폴 호. 2018.8.22 뉴스1 ⓒ News1 여주연 기자 서울 뉴스1 최소망 기자 북한이 지난해 러시아로부터 5만배럴에 달하는 정제유를 공급받은 것으로 나타났다. 30일 유엔 안전보장이사회 대북제재위원회 홈페이지에 따르면 러시아는 지난해 3월부터 12월까지 총 5만523배럴의 정제유를 북한에 공급했다고 보고했다. 각 월별로는 3월 5140배럴 4월 3612배럴 5월 2593배럴 6월 2305배럴 7월 1만933배럴 8월 5713 배럴 9월 9482배럴 10월 0배럴 11월 4151배럴 12월 6591배럴로 집계됐다. 러시아는 코로나19 팬데믹 이전인 2019년에는 총 23만2941배럴의 정제유를 북한에 공급했다. 코로나 이전과 비교하면 현재 공급량은 약 20% 수준에 그치는 것이지만 러시아의 대북 정제유 공급은 꾸준하게 이뤄지고 있는 상황이다. 중국은 지난해 3월부터 8월까지 총 9만756배럴의 정제유를 공급했다고 제재위에 보고했다. 다만 이는 러시아와 중국의 공식적인 보고 수치로 이 외에 추가 반입이 이뤄졌을 가능성도 배제할 수 없다. 유엔 안보리는 대북 정유제품 공급량을 연간 50만 배럴로 제한하고 있다.,0.9988749532245479
尹 북한 4월 총선 개입 위한 각종 도발 예상,尹 방위 점검 중앙통합방위회의 2년 연속 주재 尹 북한 정권 비이성적인 집단…물불 안 가려 러시아와 무기 거래 안보리 결의 노골적 무시 尹 북한 사이버 공격 등 선거 개입 도발 예상 앵커 윤석열 대통령이 4월 총선을 앞두고 북한이 사이버 공격 등 선거 개입을 위한 각종 도발을 벌일 것으로 예상했습니다. 그러면서 북한 정권을 향해 비이성적이자 반민족적 집단이라고 비판했습니다. 권남기 기자입니다. 기자 방위 태세를 점검하는 중앙통합방위회의를 2년 연속 주재한 윤 대통령은 북한을 지목해 강도 높은 비판을 쏟아냈습니다. 전 세계에서 유일하게 핵 선제 사용을 법제화한 비이성적인 집단이라며 세습 정권 유지를 위해 물불 안 가린다고 규탄했습니다. 그러면서 우리를 교전 상대국으로 못 박은 데 이어 러시아와 무기 거래를 하며 유엔 안보리 결의를 노골적으로 무시한다고 비판했습니다. 윤석열 대통령 비이성적인 집단입니다. 상식적인 정권이라면 핵을 포기하고 주민들이 살길을 찾겠지만…. 윤 대통령은 또 4월 총선을 앞두고 북한의 도발 가능성을 우려했습니다. 사이버 공격 등 선거 개입을 위한 여러 도발이 예상된다며 전 국민이 온라인으로 연결된 지금 허위 선전 선동으로 큰 혼란에 빠질 수도 있는 만큼 사전 차단 방안을 논의하겠다고 말했습니다. 윤석열 대통령 중요한 정치 일정이 있는 해에는 늘 사회 교란과 심리전 그리고 도발을 감행해 왔습니다. 윤 대통령은 이번 회의에서 처음으로 가치 안보 를 언급했습니다. 국토와 국민을 지키는 전통적 안보와 함께 자유민주주의 시스템을 지키는 것도 안보라면서 이 둘은 동전의 양면과 같다고 설명했습니다. 또 민관군경이 협력하는 국가 총력 대비 시스템을 강조했는데 이번 회의엔 북한 목선 신고 주민 등 민간인 11명이 처음 참석해 눈길을 끌었습니다. 윤 대통령은 중앙통합방위회의에 이어 군 주요 지휘관 회의를 주재하며 하루 내내 안보 일정을 소화했습니다. 순항미사일 발사와 같은 북한 도발이 연초부터 계속되는 가운데 대통령실은 군 통수권자인 윤 대통령이 국민을 안심시키기 위해 직접 점검에 나선 것이라고 설명했습니다. YTN 권남기입니다.,0.998960130871742
그래픽 북한의 올해 미사일 발사 등 무력도발 일지,서울 뉴스1 양혜림 디자이너 북한이 30일 서해상으로 순항미사일을 발사했다. 최근 일주일 사이 3차례에 걸쳐 순항미사일을 쏜 것으로 올해 들어 8번째 무력도발이기도 하다. 합동참모본부에 따르면 우리 군은 이날 오전 7시쯤 북한이 북측 서해상으로 발사한 여러 발의 순항미사일을 포착했다.,0.9990424050969311
북한 이틀 만에 순항미사일 여러 발 서해상으로 발사,북한이 오늘 30일 아침 서해상으로 순항미사일 여러 발을 발사했다고 합동참모본부가 발표했습니다. 합참은 오늘 오전 7시쯤 북측이 서해상으로 발사한 미상 순항미사일 수 발을 포착했으며 한미 정보당국이 정밀분석 중에 있다 고 밝혔습니다. 이어 우리 군은 감시 및 경계를 강화한 가운데 미측과 긴밀하게 공조하고 있으며 북한의 활동을 면밀히 주시하고 있다 고 전했습니다. 북한이 순항미사일을 발사한 것은 지난 28일에 이어 이틀 만이며 합참이 이달 들어 북한이 발사한 순항미사일을 포착해 발표한 것은 3번째입니다. 북한은 지난 24일 평양 인근에서 서해상으로 신형 전략순항미사일 불화살 3 31 여러 발을 발사했고 28일에는 함경남도 신포시 인근 해상에서 불화살 3 31 2발을 발사했습니다.,0.999096285463883
북한 지방발전 20x10 정책 전국 각지서 선전…선전물 게재,평양 노동신문 뉴스1 북한 노동당 기관지 노동신문은 30일 지방발전 20x10 정책 관철을 위한 투쟁 열의를 승화시키는 직관 선전물들이 전국 각지에 집중 게시됐다 라고 전했다.,0.9992060291475139
북한 전국 곳곳에 붙어 있는 지방발전 20x10 정책 선전물,평양 노동신문 뉴스1 북한 노동당 기관지 노동신문은 30일 지방발전 20x10 정책 관철을 위한 투쟁 열의를 승화시키는 직관 선전물들이 전국 각지에 집중 게시됐다 라고 전했다.,0.9992060291475139
북한 지방발전 20x10 정책 선전물 각지에 게시,평양 노동신문 뉴스1 북한 노동당 기관지 노동신문은 30일 지방발전 20x10 정책 관철을 위한 투쟁 열의를 승화시키는 직관 선전물들이 전국 각지에 집중 게시됐다 라고 전했다.,0.9992060291475139
북한 리비아·홍콩 재외공관도 폐쇄…9개 철수해 44개만 운영,외교부 추가 철수 동향 계속 주시 중 스페인 주재 북한 대사관. ⓒ 로이터 뉴스1 서울 뉴스1 노민호 기자 최근 재외공관을 잇달아 폐쇄하고 있는 북한이 리비아·홍콩의 공관도 철수한 것으로 확인됐다. 외교부 당국자는 30일 기자들과 만나 북한의 재외공관은 지난해 12월5일 기준 46개에서 2개가 더 줄어들어 현재 44개가 운영 중 이라며 이같이 말했다. 이에 따라 현재까지 북한이 철수한 재외공관은 지난해 말 확인된 기니·네팔·방글라데시·세네갈·스페인·앙골라·우간다 등에 이어 총 9곳으로 늘었다. 정부는 △북한이 주재국에 공관 철수 의사를 공식 통보하고 △공관 건물의 인공기 및 현판을 제거했으며 △공관원 출국이 완료되는 등의 3가지 조건에 부합하는 경우 공관이 철수한 것으로 판단하고 있다. 외교부 당국자는 추가 철수 동향에 대해선 계속 주시하고 있다 라고 말했다. 북한 외무성은 지난해 11월 변화하는 국제환경과 외교정책에 따라 외국 주재 외교대표부 철수 및 신설을 추진하고 있다 라고 밝힌 바 있다. 북한은 외교전략의 변화에 따른 조치라고 설명했지만 상당수 전문가는 북한의 핵·미사일 개발에 따른 대북제재 장기화로 북한이 공관 운영에 어려움을 느껴 철수를 결정했을 것으로 보고 있다. 북한은 지난해 7월 니카라과와 상호 대사관 개설에 합의했다고 발표했지만 여전히 후속 조치는 진행되지 않은 상태인 것으로 전해졌다.,0.999323985157751
북한 리비아·홍콩 공관도 폐쇄…44개 운영 중,최근 재외공관을 잇달아 폐쇄하고 있는 북한이 리비아·홍콩의 공관도 폐쇄한 것으로 확인됐습니다. 외교부 당국자는 오늘 30일 기자들과 만나 북한의 재외공관은 지난해 12월 5일 기준 46개에서 2개가 더 줄어들어 현재 44개로 변경됐다 이라며 추가로 사라진 2개 공관은 리비아와 홍콩 이라고 설명했습니다. 이에 따라 현재까지 북한이 철수한 재외공관은 지난해 12월 초에 확인된 기니 네팔 방글라데시 세네갈 스페인 앙골라 우간다에 이어 총 9곳으로 늘었습니다. 이 당국자는 북한의 재외공관 추가 철수 움직임을 주시하고 있다 고 밝혔습니다. 북한은 지난해 7월 니카라과와 상호 대사관 개설에 합의했다고 밝혔지만 북한 공관이 업무를 개시했다는 발표는 없는 것으로 전해졌습니다. 앞서 북한 외무성은 지난해 11월 변화하는 국제 환경과 외교 정책에 따라 외국 주재 외교대표부 철수 및 신설을 추진하고 있다 고 밝혔습니다.,0.9996206806874561
26개국 대학생들 모의 유엔대회서 북한인권 해결 방안 토론,국립통일교육원 올해 첫 글로벌 통일교육 프로그램 진행 이신화 북한인권국제협력대사. 뉴스1 ⓒ News1 유승관 기자 서울 뉴스1 구교운 기자 국립통일교육원은 오는 31일부터 다음달 2일까지 북한인권 시민단체 NGO 성통만사 외국인 인턴 대학생·대학원생을 45명을 대상으로 북한인권 관련 모의 유엔 UN 대회 등 참여형 통일교육을 실시한다고 30일 밝혔다. 이번 교육에선 이신화 북한인권 국제협력대사가 북한인권 문제와 국제협력 을 주제로 정진헌 통일교육원 교수가 북한 경제 사회 실상 및 북한 MZ세대 를 주제로 각각 특강을 진행한다. 다음달 1일엔 모의 유엔대회를 열고 북한인권 문제 개선을 위한 세계 청년들의 지식과 경험을 공유하고 우수 참여자 3명에겐 통일부 장관상을 수여한다. 이번 행사는 통일교육원의 올해 첫 글로벌 통일교육 과정이다. 통일부는 한반도 문제에 대한 국제사회의 이해를 높이기 위해 2013년 글로벌 통일교육 프로그램을 개설했으며 그동안 2500명의 주한외국인 해외대학생 재외동포가 참가했다.,0.9996405868183488
합참 북한 서해상으로 순항미사일 수 발 발사,앵커 북한이 오늘 오전 서해상으로 순항미사일을 발사했다고 합동참모본부가 밝혔습니다. 이틀만에 또 순항미사일을 발사한 건데요. 우리 군은 정확한 제원을 분석 중입니다. 최지원 기자가 전해드립니다. 기자 합참은 오늘 30일 오전 7시쯤 북한이 서해상으로 발사한 미상의 순항미사일 수 발을 포착했다고 밝혔습니다. 이틀만에 또다시 북한이 순항미사일 발사에 나선 겁니다. 북한은 지난 24일 올해 들어 처음 서해상으로 순항미사일을 수 발 발사한 뒤 나흘만인 지난 28일 동해상에서 순항미사일을 시험했습니다. 순항미사일만 세 번째 연이은 도발입니다. 북한은 앞서 두 차례 발사한 순항미사일이 신형 전략순항미사일 불화살 3 31 이라고 밝힌 바 있습니다. 동서해를 오가며 신형 순항미사일을 시험하고 있는 것으로 보입니다. 우리 군은 정확한 제원을 분석하고 있는데 군 당국자는 지난 24일 발사 때보다 더 넓은 면적의 타원형 궤도를 보였다고 설명했습니다. 이번 미사일은 더 넓어진 궤도로 돌며 1 500㎞ 이상을 비행한 것으로 알려졌습니다. 군 당국자는 북한이 순항미사일 성능을 계속 개량하고 있는 것으로 보인다 며 기존 화살 1형과 2형의 개량형일 가능성도 있다 고 짚었습니다. 북한은 최근 연이어 순항미사일을 발사하면서 한반도 전역은 물론 주일미군까지 겨냥한 실제 공격 능력을 과시하려는 것으로 보입니다. 순항미사일은 낮게 날고 자유롭게 궤도를 변경할 수 있어 요격이 까다롭습니다. 군 당국자는 궤도가 일정하지 않기 때문에 비행시간 역시 정확한 추정은 어렵다 고 설명했습니다. 우리 군은 감시 및 경계를 강화하고 미 측과 긴밀하게 공조하며 북한의 추가 동향을 주시하고 있습니다. 연합뉴스TV 최지원입니다.,0.9996520487005227
북한 지방발전 20x10 정책 추진 본격화…조용원이 TF 이끈다,고위간부들 대거 망라…공장 건설 및 원료기지 조성 업무 노동신문 일꾼들 실행에 사활 걸어야 평양 노동신문 뉴스1 북한 노동당 기관지 노동신문은 30일 김화군의 지방공업공장들에서 지난 2년간 공업 생산액이 2배 이상으로 장성하고 군 인민들의 사상정신 상태와 물질문화생활 영역에서 놀라운 진전이 이룩되고 있다 면서 이는 당의 지방공업 발전 정책의 정당성과 생활력을 뚜렷이 실증해 준다 라고 전했다. 국내에서만 사용가능. 재배포 금지. DB 금지. For Use Only in the Republic of Korea. Redistribution Prohibited rodongphoto news1.kr 서울 뉴스1 구교운 기자 북한이 김정은 노동당 총비서가 강조한 지방발전 20x10 정책 추진을 위한 비상설 TF 조직을 꾸리는 등 사업 추진에 속도를 내고 있다. 노동당 기관지 노동신문은 30일 지방발전 20x10 비상설중앙추진위원회 가 정식 사업에 착수했다고 보도했다. 김 총비서는 지난 24일 당 중앙위원회 제8기 제19차 정치국 확대회의에서 지방발전 20x10 비상설추진위원회가 지방공업공장 건설 관련 사업을 지휘하게 될 것이라고 밝혔다. 김 총비서의 지시가 나온 지 일주일이 안 된 시점에 추진위가 꾸려졌다. 신문은 조용원 당 조직비서가 추진위 업무를 지도하게 된다고 밝혀 TF의 책임자임을 시사했다. 박정근 내각부총리 전현철 당 중앙 비서 리히용 당 중앙 조직지도부 제1부부장 등 당 중앙과 성 중앙기관의 책임일꾼들도 추진위 명단에 이름을 올리는 등 고위간부들이 망라돼 이번 사업의 중요성을 부각했다. 추진위는 지방발전 20x10 정책에 따른 지방공업공장 건설 설계 시공 등 공사 추진 업무와 원료기지 조성 사업을 맡는다고 신문은 보도했다. 신문은 이날 일꾼들에게 정책 이행을 다그치는 기사를 게재하며 분위기를 띄웠다. 신문은 지금이야말로 모든 일꾼들이 이 나라 공민들의 삶을 걱정하고 그것을 풀기 위한 당의 결정과 공화국 정부의 시책 실행에 사활을 걸고 하루를 열흘 백날로 쪼개가며 완강한 분발력과 투지를 발휘해야 할 때 라고 다그쳤다. 또 분위기를 끌어올리기 위해 전국 각지에 경애하는 김정은 동지께서 제시하신 지방공업 발전 정책을 철저히 관철하자 등의 내용이 담긴 선전문구와 선전화 등 직관선전물들을 게시했다. 신문은 이번 사업의 모범사례로 제시된 김화군의 성과를 지속적으로 선전하고 있다. 신문은 전국 200여개 시 군 중 인민생활 관련 사업에 있어 가장 성과가 좋지 않던 강원도 김화군이 식료품공장 옷공장 일용품공장 등 공업공장 건설과 수유나무림 종이원료림 등 원료 기지 조성을 통해 주민들의 생활을 향상시킬 수 있었다며 정책의 효과를 선전하기도 했다. 신문은 김화군의 지방공업공장들에서 지난 2년간 공업 생산액이 2배 이상으로 장성하고 군 인민들의 사상정신 상태와 물질·문화 생활 영역에서 놀라운 진전이 이룩되고 있다 라며 김화군의 성과는 모든 방면에서 도시와 농촌 중앙과 지방의 격차를 줄이며 불균형을 해소하고 다 같이 함께 발전하는 부유하고 문명한 사회 건설을 다그치는 데서 귀중한 밑천으로 경험으로 된다 라고 강조했다.,0.9996555036673314
북한 또 순항미사일 발사…일주일 사이 3번 도발,앵커 북한이 오늘 30일 오전 순항미사일을 또 다시 발사했습니다. 이번 달에만 세 차례 도발입니다. 오늘 발사한 미사일을 포함해 북한은 전술 핵탄두를 탑재할 수 있는 순항미사일을 계속 발사하고 있습니다. 이런 반복적인 시험 발사를 통해서 미사일 성능이 개선되고 있다는 것을 대내외 적으로 과시하고 있습니다. 송금한 기자가 보도합니다. 리포트 합동참모본부는 북한이 오전 7시쯤 서해상으로 순항미사일 여러 발을 또 발사했다고 밝혔습니다. 지난 24일 서해상으로 28일에 동해에 이어 다시 서해상으로 순항미사일을 쏘는 연쇄 도발을 감행한 겁니다. 합참은 이번엔 평양 인근 내륙에서 발사했을 가능성에 무게를 두고 있습니다. 이성준 합동참모본부 공보실장 발사 플랫폼이 여러 가지가 있을 수 있기 때문에 어느 한 가지로 특정하지 않고 한미 정보 당국이 정밀 분석을 하고 있다. 북한은 이틀 전 불화살 3 31 수중 발사에 성공했다고 주장했는데 이는 전술핵탄두 화산 31을 탑재할 수 있다는 의미로 풀이됩니다. 이번에 쏜 순항미사일도 불화살 3 31 로 추정됩니다. 북한이 단기간에 집중적으로 시험 발사를 한 것은 기존 순항미사일의 성능 개량이 주된 목적이라고 군 당국은 판단하고 있습니다. 이틀 전 순항미사일에 대해 북한이 비행 시간 등을 과장했다고 평가한 합참은 이번에 발사한 순항미사일은 정상 거리를 날아간 것으로 보인다고 분석했습니다. 지난해 발사한 화살 1 2 형의 비행거리 1 500 2 000km와 유사하다는 것이 군 당국의 설명입니다. 육상과 해상 등 여러 플랫폼에서 발사해보는 것은 러시아의 다목적 순항미사일 칼리브르 Kallibr 를 모방해 발전시킨 것으로 보인다는 분석도 나옵니다. KBS 뉴스 송금한입니다.,0.999675084357806
美 북한은 우주활동의 위협 발언에 北 우주공간의 범죄자는 미국,만리경 1호는 자주적 결단의 산아…만리경 2호 4호 출현도 기정사실 평양 노동신문 뉴스1 북한이 지난해 11월 발사에 성공한 군사정찰위성 만리경 1호 . 국내에서만 사용가능. 재배포 금지. DB 금지. For Use Only in the Republic of Korea. Redistribution Prohibited rodongphoto news1.kr 서울 뉴스1 이창규 기자 북한이 30일 미국이 자국의 우주활동에 위협이 되는 국가로 북한을 지목한 것에 대해 우주공간을 어지럽히는 범죄자는 미국 이라고 반박했다. 노동당 기관지 노동신문은 이날 엘리사 돌턴 미국 공군 차관 지명자가 지난 24일 미 상원 인준 청문회에서 한 발언을 지목해 이같이 밝혔다. 돌턴 지명자는 당시 중국과 러시아 이외에 우주에서 미국에 위협이 될 수 있는 행위자가 있느냐 라는 질문에 북한과 이란 이라고 답했다. 또한 돌턴 지명자는 북한과 이란이 지난해 위성 발사에 성공한 것을 언급하며 이들의 우주 프로그램이 더 큰 형태의 나쁜 행위들과 결합할 경우 의도적이든 그렇지 않든 미국의 우주 자산에 대한 추가적 위협이 될 수 있다 라고 지적했다. 신문은 이에 대해 미국은 우리가 정찰위성 보유와 같이 우주산업 건설 목표 달성을 위한 큰 걸음을 내짚자 배가 아프고 속이 뒤틀려 지금과 같이 추악하고 치졸한 모략 수법에 매달리는 것 이라며 우리의 정상적인 우주활동마저 범죄로 몰아감으로써 세계적인 경쟁 무대인 우주개발 분야에서 우리를 배제시키려는 야심이 깔려 있다 라고 비난했다. 신문은 또 지난해 11월 발사에 성공한 첫 군사정찰위성 만리경 1호 의 발사에 대해 장기간 계속되는 미국을 비롯한 적대세력들의 침략적 위협에 대처하여 국가의 안전과 인민의 안녕을 지키기 위해 결행된 자주적 결단의 산아 라고 주장했다. 이어 미국이 그 어떤 감투를 씌우든 우리의 우주산업 건설은 국제법에 의한 보편적 권리에 따라 국가 발전의 합법칙적 요구에 따라 계획대로 추진될 것 이라며 만리경 2호 3호 4호가 출현하는 것은 기정사실 이라고 밝혔다.,0.9997097683113922
외화벌이 막힌 북한 리비아·홍콩서도 공관 철수,출처 뉴시스 최근 제재로 외화벌이가 막힌 북한이 재외공관을 줄줄이 폐쇄하고 있는 가운데 리비아와 홍콩에서도 공관을 철수한 것으로 확인됐습니다. 외교부에 따르면 현재 북한은 44개의 재외공관을 운영 중입니다. 지난해 12월 5일 기준 46개에서 2개가 더 줄어 들어든 것으로 북한이 철수한 공관은 기니 네팔 방글라데시 세네갈 스페인 앙골라 우간다 등에 이어 총 9곳으로 늘게 됐습니다. 외교부 당국자는 추가 철수 동향에 대해선 계속 주시하고 있다 고 설명했습니다. 북한은 지난해 7월 니카라과와 상호 대사관 개설에 합의했다고 밝혔지만 외교부는 북한이 리카라과에서 공관 업무를 개시했다거나 이와 관련해 구체적인 발표를 한 정황은 아직 없는 것으로 파악하고 있습니다. 앞서 외교부는 북한이 해외에서의 외화벌이 차단 등으로 인한 경제난으로 공관을 연이어 폐쇄하고 있다고 분석했습니다. 북한은 공관을 철수하는 대신 거점 공관 을 운영하며 우호국에 설치된 대사관 기능을 강화할 가능성이 제기됩니다.,0.9997277233906077
북한 연이은 도발 기회 삼아 중국 개입 확대 유도해야,빅터 차 CSIS 한국석좌 북한문제 진단 北 도발 기회로 한미일 훈련 가속화 북한 도발 중국과 협력 기회 제공 워싱턴 뉴시스 빅터 차 전략국제문제연구소 CSIS 한국석좌는 29일 현지시간 CSIS 팟캐스트 프로그램인 불능국가 Impossible State 에서 올 한해 북한의 도발 행위가 크게 증가할 것으로 예상되는 가운데 이러한 위기를 중국의 북한 개입을 확대하는 기회로 삼아야 한다고 주장했다. 사진 CSIS 유튜브 캡쳐 . 2024.01.30. 재판매 및 DB 금지 워싱턴 뉴시스 이윤희 특파원 올 한해 북한의 도발 행위가 크게 증가할 것으로 예상되는 가운데 이러한 위기를 중국의 북한 개입을 확대하는 기회로 삼아야 한다는 주장이 미국 싱크탱크 내에서 제기됐다. 빅터 차 전략국제문제연구소 CSIS 한국석좌는 29일 현지시간 CSIS 팟캐스트 프로그램인 불능국가 Impossible State 에서 한국과 미국의 선거 북한과의 외교 단절 한미 정기연합훈련 등을 근거로 올 한해 북한의 위협이 한층 잦아질 것으로 내다봤다. 차 석좌는 이것이 바이든 행정부의 잘못이라고 보지는 않는다. 바이든 행정부는 북한과의 대화 채널을 열기 위해 다양한 방법으로 노력했지만 현시점에서 북한은 응하지 않고 있다. 우리는 실험이나 훈련과 같은 도발 행위가 일어날 것이란 것을 알고 있다 고 현상황을 진단했다. 이어 그는 레몬에서 레모네이드를 뽑아내려면 준비가 돼 있어야 한다 면서 이를 한미간 한미일간 한미일 호주간 훈련을 가속화하고 개선하며 증강하는 플랫폼으로 활용하는 것 이라고 조언했다. 쓰라린 시련을 달콤한 결과물로 바꾸기 위해 위기를 발판으로 활용해야 한다는 주장이다. 차 석좌는 또한 이러한 예상된 북한의 도발 행위를 중국이 북한 문제에 더욱 관여하도록 하는 계기로 이용하도록 노력해야 한다 고 말했다. 그는 중국이 그동안 이 문제에 그다지 도움이 되지 않았지만 계속 노력해야 한다 며 이것 북한의 도발 을 중국이 더 많은 도움을 줄 수 있도록 하는 기회로 이용해야 한다. 중국은 북한이 7차 핵실험을 하지 않도록 하는 것에 역할을 해온 것으로 안다 고 설명했다. 그러면서 만약 그들이 여전히 북한에 영향력이 있다면 북한의 도발 행위는 중국과 협력해 북한의 행동에 영향을 미칠 수 있는 기회를 제공할 것이다 고 강조했다. 아울러 북한의 연이은 도발을 북한과 러시아의 군사협력을 방해하는 계기로도 삼을 수 있다고 차 석좌는 조언했다. 미국 정부 역시 북한 도발을 억제하기 위한 중국의 역할을 기대하고 있다. 제이크 설리번 미 국가안보보좌관은 지난 26 27알 태국 방콕에서 왕이 중국 공산당 중앙정치국 위원 겸 외교부장을 만나 북한 문제를 포함한 현안을 논의했다.,0.9997678766747438
北 지방발전 담당 TF 구성…美에는 우주위협 범죄자 비난데일리 북한,평양 노동신문 뉴스1 북한 노동당 기관지 노동신문은 30일 지방발전 20x10 정책 관철을 위한 투쟁 열의를 승화시키는 직관 선전물들이 전국 각지에 집중 게시됐다 라고 전했다. 국내에서만 사용가능. 재배포 금지. DB 금지. For Use Only in the Republic of Korea. Redistribution Prohibited rodongphoto news1.kr 서울 뉴스1 구교운 기자 북한이 김정은 노동당 총비서가 내세운 지방발전 20x10 정책 추진을 위한 비상설 TF 조직을 꾸리며 사업 추진에 속도를 붙이고 있다. 노동당 기관지 노동신문은 30일 3면 우리 당 지방공업 발전 정책의 완벽한 시행을 위한 비상설중앙추진위원회 사업에 착수 란 제목을 통해 지방발전 20x10 정책 추진을 위한 추진위원회가 구성됐다고 전했다. 추진위는 지방공업공장 건설과 원료기지 조성사업을 이끌게 된다. 신문이 조용원 당 조직비서가 추진위를 책임지고 지도하고 있다 라고 밝힌 만큼 그가 추진위의 책임자인 것으로 보인다. 6면에선 우주공간을 위협하는 범죄자 란 기사를 통해 지난 24일 엘리사 돌턴 미국 공군 차관 지명자가 상원 인준 청문회에서 북한을 자국 우주활동에 위협이 되는 국가로 지목한 것과 관련 우리가 정찰위성 보유와 같이 우주산업 건설 목표 달성을 위한 큰 걸음을 내짚자 배가 아프고 속이 뒤틀려 지금과 같이 추악하고 치졸한 모략 수법에 매달리는 것 이라고 반박했다. 2면과 4면에선 지난 29일 중국 랴오닝성 문화대표단이 2024년 조중 친선 설명절 행사 에 참석하기 위해 평양에 도착했으며 이들이 평양 만수대언덕의 김일성 주석과 김정일 국방위원장 동상에 꽃바구니를 진정했다고 보도했다. 신문은 1면 전면을 할애해 위대한 김정은 동지를 높이 모시고 혁명하는 것은 우리 인민의 크나큰 영광이며 행복이다 란 제목의 기사를 싣고 김 총비서의 업적을 칭송하며 충성을 다그쳤다. 신문은 경애하는 김정은동지는 세계가 공인하는 21세기의 위대한 태양 이라며 머지않아 세계는 경애하는 총비서 동지의 세련된 영도에 의해 인류가 이상 理想 하던 진정한 강국이 동방일각에 어떻게 솟구쳐 오르는가를 똑똑히 보게 될 것 이라고 주장했다. 5면에선 강원도 김화군 지역 군관 부부가 평양산원에서 세쌍둥이를 출산하고 퇴원했다고 보도했다. 신문은 이들이 산원에서 영양식과 보약을 제공받고 적극적 진료를 받으며 순산했다는 소식과 함께 세쌍둥이 부모는 자식을 경애하는 김정은 동지를 충성을 다해 받들어나가는 나라의 역군들로 훌륭히 키워 내세울 굳은 결의를 다졌다 라고 전했다.,0.999774090071315
與 北 순항미사일 실체적 위협…우리 북한 민주 총풍·북풍 운운,北 김정은 참관한 신개발 SLCM 발사 이틀 만에 서해상 순항미사일 발사… 총선 앞둔 내부갈등 유발 김민수 대변인 정부여당 국민 생명·재산 지켜…민주 최소한 외교안보 분야만큼은 공당 책무 다해달라 왼쪽부터 이재명 더불어민주당 대표 김민수 국민의힘 대변인. 연합뉴스 사진·김민수 국민의힘 대변인 페이스북 사진 갈무리 국민의힘은 30일 북한 정권이 이틀 만에 순항미사일 해상 발사 도발을 한 데 대해 실체적 위협 이라고 우려했다. 그러면서 더불어민주당의 총풍·북풍 레토릭에 최소한 외교·안보 분야에 있어서만큼은 대한민국 공당의 책무를 다해달라 고 일침을 가했다. 김민수 국민의힘 대변인은 이날 논평에서 북한이 오늘 불과 이틀 만에 또다시 순항미사일을 여러 발 발사하며 무도한 도발을 감행했다 며 국민의힘은 북한의 연이은 도발을 강력하게 규탄한다. 정부는 확고한 준비 태세를 갖추고 있으며 반드시 이러한 무력시위의 책임을 물을 것 이라고 밝혔다. 그는 지난 28일 도발 당시 북한 김정은 국무위원장이 잠수함발사순항미사일 SLCM 시험발사를 직접 참관했으며 핵잠수함 건조 사업도 현지지도했다 며 시험발사에 성공했다고 주장하는 SLCM은 궤적 조절이 가능해 추적·요격이 어려워 우리의 방공망을 무력화할 수도 있는 실체적 위협 이라고 상황을 평가했다. 북한군이 30일 서해상으로 순항미사일 여러 발을 발사했다고 우리 합동참모본부가 발표한 이날 서울역에서 시민들이 관련 뉴스를 보고 있다. 합참은 오늘 오전 7시께 북측이 서해상으로 발사한 미상 순항미사일 수 발을 포착했으며 한미 정보당국이 정밀분석 중에 있다 며 우리 군은 감시 및 경계를 강화한 가운데 미측과 긴밀하게 공조하고 있으며 북한의 활동을 면밀히 주시하고 있다 고 밝혔다. 연합뉴스 이어 최근 북한 김정은 정권이 남북관계를 동족이 아닌 두 교전국 관계로 정의하며 적대감을 대놓고 드러내고 있다 며 이렇게 호전성을 드러내는 것은 결국 올해 총선을 앞둔 우리 사회를 흔들고 내부 갈등을 유발해 자신들에게 유리한 환경을 조성하기 위함일 것 이라고 짚었다. 김민수 대변인은 국민의힘과 윤석열 정부는 미국과 핵협의그룹 NCG 을 구성해 북핵 억제 능력을 강화하기 위한 노력을 지속해 왔고 한일관계 정상화를 통해 동아시아의 안보 협력 체계를 새롭게 구축했다 며 대한민국 국민의 생명과 재산은 반드시 지켜내야 한다 고 정부·여당의 안보 기조를 전했다. 그러면서 안보 상황이 이리 엄중한데도 민주당은 북풍 총풍 운운하며 안보마저 당리당략에 이용한다 며 심지어 우리 북한 선대의 노력 이라는 귀를 의심케 하는 소리를 늘어놓으며 정체성을 의심할 수밖에 없는 발언도 서슴지 않았다 며 이재명 민주당 대표의 발언을 겨냥했다. 한편 이재명 대표는 지난 19일 민주당 최고위원회의에서 김정은 정권의 군사도발에 선대 先代 들 우리 북한의 김정일 또 김일성 주석의 노력이 폄훼·훼손되지 않도록 해달라고 말했다. 전날 29일 엔 신원식 국방장관의 자유세계 우크라이나 전면지원 사견 언급에 북풍·총풍 사건이 떠올랐다 며 평화냐 전쟁이냐 구호를 꺼냈다.,0.999785579117392
북한 지방발전 추진위 구성…조용원 당 조직비서 총책,북한이 지방 발전 추진을 위한 별도 조직을 구성하는 등 평양과 지방 간 격차 줄이기에 총력을 쏟고 있습니다. 북한 매체는 지방 발전 20×10 이십승십 비상설 중앙추진위원회가 정식 사업에 착수했다 며 김정은 최측근인 조용원 노동당 조직비서가 추진위원회를 이끈다고 보도했습니다. 20×10 정책 은 김정은이 지난 15일 최고인민회의 시정연설에서 밝힌 지방 경제 개선 대책으로 매년 20개 군에 현대적인 지방공업공장을 건설해 10년 안에 지방 주민의 생활 수준을 향상한다는 계획입니다.,0.9997901633389338
조태열 장관 미 대사 접견…“북한 도발에 깊은 유감 단합 대응”,조태열 외교부 장관이 오늘 30일 오후 필립 골드버그 주한 미국대사를 접견하고 한미동맹과 한미일 협력 북한 문제 등에 대해 논의했습니다. 골드버그 대사는 조 장관이 취임 후 처음으로 접견하는 주한대사입니다. 외교부에 따르면 조 장관과 골드버그 대사는 면담에서 북한이 대화를 거부하면서 호전적인 언사와 도발을 거듭하며 한반도와 역내 긴장을 고조시키고 있는 데 대해 깊은 유감을 표했습니다. 그러면서 긴밀한 한미 공조와 연합방위태세를 바탕으로 북한의 위협을 억제하고 단합된 도발 대응을 지속해 나가자고 했고 중국의 건설적 역할을 견인해 나갈 필요성에 공감했습니다. 또 북한과 러시아의 군사 협력은 국제 규범 위반이자 세계 평화와 안정을 심각하게 위협하는 행위로서 한미가 국제사회와 공조하여 계속 엄정히 대처해 나가자는 데 의견을 같이 했습니다. 조 장관은 지난해 한미동맹 70주년을 계기로 한미 간의 글로벌 포괄 전략 동맹이 전례 없는 수준으로 강화되었다고 평가하고 올해에도 한미동맹의 발전 추세를 계속 이어 나가자고 말했습니다. 조 장관은 이어 올해가 한미일 정상회의 출범 30주년이 되는 해라고 강조하고 작년 캠프 데이비드 정상회의 합의 사항을 바탕으로 한미일 협력을 더욱 강화해 나가기를 기대한다고 밝혔습니다. 골드버그 대사는 조 장관의 취임을 축하하고 한일 관계 개선을 바탕으로 한 한미일 협력 강화는 윤석열 대통령의 정치적 결단 덕분이라고 평가하고 앞으로도 한미일 협력을 지속 강화해 나가기를 기대한다고 밝혔습니다.,0.9998042933955009
앵커칼럼 오늘 북한의 정의로운 전쟁,슈피겔 지가 오늘 익명의 동독 작가가 기고한 글을 실었습니다. 동독의 예술가 탄압을 폭로하는 글이 서독 주간지에 실립니다. 동독 비밀경찰 슈타지가 나섭니다. 주간지에 침투한 첩자를 통해 원고에 쓰인 타자기 정보를 알아내지요. 타자기 어디있지 통일 후 슈타지 비밀 문서에서 밝혀진 동독 첩자는 각계각층 3만 명에 이르렀습니다. 학계에선 내재적 동독 접근법 을 창시했던 페터 루츠 교수가 드러나 충격이 컸지요. 동독을 동독 체제의 틀 안에서 봐야 한다 는 이런 접근법을 북한에 적용한 이가 재독 학자 송두율입니다. 그의 논리는 국내 좌파의 대북관과 한때 정부 대북정책에도 큰 영향을 미쳤습니다. 송두율은 당당하게 귀국했다가 법정에 섰습니다. 수시로 북한을 드나든 것 중 우리 국민 신분으로 방북한 것만 유죄를 받고 돌아갔지요. 그 뒤로 내재적 접근법은 힘을 잃었습니다. 북의 전쟁관 다들 아시다시피 정의의 전쟁관입니다. 김정은의 영토 완전 정복 전쟁 을 정의 로 규정한 발언이 국회 토론회에서 나왔습니다. 전쟁으로 평화가 만들어질 수 있다면 그 전쟁관을 수용해야 한다 는 겁니다. 그는 북한 입장에 내재적 접근을 한 거 라고 했습니다. 김정은 서울 답방 관련 행사에서 북한 체제는 매력적인 독재 라고 했던 인물이지요. 한반도 전쟁 위기는 한미 동맹 때문 이라는 주장도 나왔습니다. 북은 완전 자주국방과 무상이다. 어디가 제대로 사는 것이냐 는 남북 비교도 등장했습니다. 남쪽이 헬렐레 하고 있으니까 외세가 군홧발로 들어온다 는 겁니다. 친북 운동권 단체 스무 곳을 국회로 불러들인 장본인이 윤미향 의원 입니다. 정부의 반북 멸북 정책을 이용하는 미국과 일본의 군사동맹을 해결할 길을 열어달라 며 멍석을 깔았습니다. 여기가 국회인가요 평양 최고인민회의 의사당인가요 그 자욱한 화약 냄새를 맡으며 아우슈비츠 수용소 유대인 막사에 붙은 경구를 떠올립니다. 역사를 기억하지 못하는 자 그 역사를 다시 살게 될 것이다. 1월 31일 앵커 칼럼 오늘 북한의 정의로운 전쟁 이었습니다.,0.9998364593664891
핵억제력 공간 확대…북한 예고대로 해군력 강화에 초점,北 지난해 연말 결산회의 통해 해군 수중·수상전력 제고 강조 김정은 해군 핵무장화 절박한 과업 북한 관영매체인 조선중앙통신은 29일 김정은 국무위원장이 잠수함발사전략순항미시일 시험발사를 지도했다고 전했다. ⓒ조선중앙통신 데일리안 강현태 기자 북한이 순항미사일 도발 나흘 만에 잠수함에서 순항미사일을 거듭 발사했다고 주장했다. 지난 연말 결산회의를 통해 수립한 올해 계획에 따라 신무기 시험을 지속하며 해군력 강화에 힘을 싣는 모양새다. 북한 관영매체인 조선중앙통신은 29일 김정은 국무위원장이 전날 오전 당 중앙위원회 비서들 해군사령관 기타 지도간부들과 함께 새로 개발된 잠수함발사전략순항미사일 《불화살 3 31》형 시험발사를 지도했다 며 7421초 7445초간 동해 상공에서 비행해 섬 목표를 명중타격했다 고 전했다. 앞서 우리 군은 전날 오전 8시경 북한 신포 인근 해상에서 미상 순항미사일 수발을 포착했다며 한미 정보당국이 정밀분석 중 이라고 밝힌 바 있다. 북한이 지난 24일 신형전략순항미사일 《불화살 3 31》형 첫 시험발사를 진행했다 며 관련 사진을 공개했던 만큼 첫 시험발사 나흘 만에 잠수함을 활용한 발사 플랫폼 다변화에 성공했다는 주장을 편 셈이다. 북한 관영매체인 조선중앙통신은 29일 김정은 국무위원장이 잠수함발사전략순항미시일 시험발사를 지도했다고 전했다. ⓒ조선중앙통신 군 단기간에 발사 플랫폼 바꿔… 과장 가능성 연관 우리 군은 북한 발표가 과장됐을 가능성이 있다며 신중한 반응을 보였다. 이성준 합동참모본부 공보실장은 이날 국방부 정례브리핑에서 북한이 주장한 비행시간 등이 과장되었을 가능성에 무게를 두고 있다 며 추가적인 사항은 한미 정보당국이 분석 중 이라고 말했다. 이 실장은 동일한 미사일도 어디에서 쏘느냐에 따라서 상당한 기술적 보완이나 발전이 있어야 한다 며 그렇게 짧은 기간에 발사 플랫폼을 바꿨다는 것은 과장 가능성에서도 연관이 있을 것 이라고도 했다. 북한 관영매체인 조선중앙통신은 29일 김정은 국무위원장이 잠수함발사전략순항미시일 시험발사를 지도했다고 전했다. ⓒ조선중앙통신 매주 도발 이어가는 북한 해상 핵무기 연이어 시험 새해 들어 북한 도발은 한 주도 빠짐없이 이어지고 있다. 포문을 연 것은 지난 5 7일 서해 완충구역 으로 쏟아진 370여 발의 해상 포사격이었다. 지난해 11월 9·19 남북 군사합의 파기를 선언한 북한이 후속조치 차원에서 군사합의에 명시된 완충구역을 겨냥해 도발을 감행한 것이다. 특히 북한 대외정책을 총괄하는 김여정 부부장이 남측 군부가 폭약 소리를 포사격으로 오인했다 는 기만전술까지 폈지만 이렇다 할 반향은 없었다. 북한은 지난 14일 고체연료 엔진을 적용한 신형 중거리탄도미사일 도발도 감행했다. 닷새 뒤엔 새로운 수중 핵무기 체계 해일 5 23 시험에 나섰다는 주장도 폈다. 이어 지난 24일과 28일에는 순항미사일 불화살 3 31을 연거푸 쏘아올렸다. 지난 연말 노동당 전원회의에서 강조했던 해군 강화 조치 등이 1월부터 본격화되고 있는 셈이다. 전문가들은 2격 능력 확보에 주력해 온 북한이 올해 수중 무기체계 개발에 집중할 가능성이 높다고 전망해 왔다. 2격 능력이란 상대 국가의 1격 핵공격 으로 큰 피해를 입더라도 핵무기로 보복할 수 있는 능력을 뜻한다. 실제로 북한은 전원회의 결론을 통해 선박공업 부문에서 제2차 함선공업혁명을 일으켜 해군의 수중 및 수상 전력을 제고하며 국방력 발전 5대 중점목표 수행에서 미진된 과업을 빠른 기간 안에 집행하는 것을 중심 과업으로 제시 한 바 있다. 국방력 발전 5대 중점목표 는 지난 2021년 제8차 노동당대회를 계기로 수립됐으며 해군과 관련해선 △고체엔진 잠수함발사탄도미사일 SLBM △핵잠수함 △수중 발사 핵전략무기 등이 주요 목표로 거론됐다. 지난 몇 주간 북한이 시험했다고 밝힌 해일 5 23과 불화살 3 31은 모두 관련 목표 달성을 위한 군사행동으로 풀이된다. 지난해 9월 북한이 전술핵공격잠수함 이라며 공개한 김군옥영웅함 ⓒ조선중앙통신 2021년 당대회서 마련한 국방 5대 목표 중 하나인 핵잠수함 건조 의지 재확인 같은 맥락에서 김정은 위원장은 전날 핵잠수함 건조 사업에 대한 점검도 진행했다. 통신은 김 위원장이 핵잠수함 건조 사업을 구체적으로 료해 파악 했다 며 핵동력잠수함과 기타 신형 함선 건조 사업과 관련한 문제들을 협의하고 해당 부문들이 수행할 당면 과업과 국가적 대책안들을 밝혔으며 그 집행 방도에 대한 중요한 결론을 줬다 고 전했다. 김 위원장은 조성된 현 정세와 전망적으로 존재하는 위협들은 우리가 해상 주권을 보위하기 위한 노력에 더 박차를 가할 것을 요구한다 며 해군의 핵무장화는 절박한 시대적 과업이고 국가 핵전략 무력 건설의 중핵적 요구 라고도 했다. 특히 해군 핵무장화 실현과 핵억제력 작용 공간의 다각적 확대를 목표로 강령적 과업들 까지 제시했다는 게 통신의 설명이다. 각종 해상 핵무기를 도입해 발사 원점을 다변화하겠다고 밝힌 만큼 잠수함발사탄도미사일 SLBM 등 바다를 무대로 한 도발이 잇따를 전망이다.,0.9998469302717032
THINK ENGLISH 합참 북한 순항미사일 여러 발 발사,A man watches a television broadcast about the North s cruise missile launches on Wednesday morning at Seoul Station. NEWS1 수요일 1월 24일 오전 서울역에서 한 남성이 북한 순항미사일 발사 관련 TV 보도를 보고 있다. 뉴스1 North launches multiple cruise missiles JCS 합참 북한 순항미사일 여러 발 발사 Korea JoongAng Daily 1면 기사 Thursday Jan. 25 2024 North Korea fired “multiple” cruise missiles from its western coast on Wednesday morning according to South Korea s Joint Chiefs of Staff JCS . cruise missile 순항미사일 western coast 서해안 합동참모본부에 따르면 북한이 지난 수요일 1월 24일 오전 서해안에서 순항미사일 여러 발을 발사했다. In a text to reporters the JCS said the South Korean military “detected multiple cruise missiles launched by North Korea toward the Yellow Sea at around 7 a.m. ” adding that South Korean and U.S. intelligence authorities are analyzing the launches for additional details. detect 포착하다 intelligence authorities 정보당국 합참은 기자들에게 보낸 문자메시지에서 “우리 군이 오전 7시께 북한이 서해로 발사한 순항미사일 수 발을 포착했다”고 밝히고 추가 세부 사항은 한미 정보당국이 분석 중이라고 덧붙였다. The JCS said that the South Korean military is “strengthening its surveillance and readiness posture” and will “continue close cooperation with the United States” as it “keeps watch over the North.” surveillance 감시 readiness posture 경계태세 합참은 “우리 군은 감시 및 경계태세를 강화했다”며 “북한을 감시하면서 미국과 긴밀한 공조를 이어가고 있다”고 전했다. On Jan. 15 the North said it had conducted a launch of a solid fuel intermediate ballistic missile mounted with a hypersonic warhead the previous day. solid fuel 고체연료 intermediate ballistic missile 중거리 탄도 미사일 1월 15일 북한은 전날 극초음속 고체연료 중거리 탄도미사일 발사를 진행했다고 발표했다. It also said on Friday that it had tested a nuclearcapable underwater aack drone which South Korean officials called “exaggerated.” underwater aack drone 수중 공격 드론 exaggerated 과장된 북한은 또 금요일 핵 공격이 가능한 수중 공격 드론을 시험했다고 밝혔는데 한국 당국은 이를 “과장된 것”이라고 했다. North Korea is not explicitly banned from developing cruise missiles under United Nations Security Council resolutions unlike ballistic missiles. explicitly 명시적으로 ban 금지하다 유엔 안전보장이사회의 결의에 따라 개발이 금지된 탄도미사일과 달리 북한의 순항미사일 개발은 명시적으로 금지된 일이 아니다. Cruise missiles are usually powered by jet propulsion technology and fly at a lower speed and altitude than ballistic missiles. However experts say they still pose a risk to South Korea and Japan because they are harder to detect by radar. altitude 고도 pose a risk 위험 위협이 되다 순항미사일은 통상 제트 엔진 기술로 추진되고 탄도미사일보다 속도가 느리고 고도는 낮다. 하지만 전문가들에 따르면 레이더로 감지하기가 더 어려워 한국과 일본에 위협이 된다. Advanced cruise missiles are also harder to intercept because they are often self navigating and can fly on extremely low altitude trajectories compared to ballistic missiles intercept 요격하다 self navigating 자체 항법 첨단 순항미사일은 종종 자체 항법 기능을 갖고 있고 탄도미사일에 비해 극도로 낮은 고도에서 비행하기 때문에 요격하기가 더 어렵다. Cruise missiles can also be equipped with sensors to evade interception and active radarhoming seekers to guide them to their targets greatly enhancing their precision. evade 피하다 precision 정확도 순항미사일에는 또한 요격을 피하기 위한 센서와 미사일을 목표물까지 안내하는 능동레이더 탐색기를 장착해 정확도를 크게 향상할 수도 있다.,0.9998507270278768
외교부 평화클럽 대사 초청…북한인권 개선 관심·지지 당부,北에 상주공관 보유 영국·독일 등과 라운드테이블 평화클럽. 외교부 제공 서울 뉴스1 노민호 기자 외교부는 30일 평화클럽 소속 주한외교단을 대상으로 라운드테이블을 개최했다고 밝혔다. 평화클럽은 북한에 상주공관을 보유한 국가의 주한공관과 외교부 간 협의체다. 외교부에 따르면 전영희 평회외교기획단장은 이날 주한영국 독일 스위스 브라질 대사 등 외교단 약 20명과 만나 최근의 한반도 정세를 공유했다. 전 단장은 특히 북한이 연초부터 서해상 포격사격 탄도미사일·순항미사일 발사와 함께 적대적 두 국가 관계 등 대납 위협 언사를 통해 불안감을 조성하고 있다고 지적했다. 전 단장은 북한이 최근 노동당 정치국 확대회의에서 지방 인민들에게 기초 식품을 비롯한 초보적인 생활 필수품조차 원만히 제공하지 못하는 매우 한심한 상태 임을 자인했다고 비판하기도 했다. 또 북한이 주민의 강제노동·착취를 통해 무기개발 재원을 조성한다는 점에서 북한인권 문제가 한반도 뿐만 아니라 국제 평화·안보와 연관돼 있다고 말했다. 전 단장은 한국이 2024 25년 유엔 안전보장이사회 비상임이사국 수임을 계기로 북한인권 상황 개선을 위한 안보리 내 논의도 활성화하기 위해 노력해 나갈 것이라고 했다. 이와 관련 올해는 유엔 북한인권조사위원회 COI 보고서 발간 10주년인 만큼 북한의 심각한 인권 상황을 개선하기 위해 북한과 외교관계를 맺고 있는 평화클럽 국가들의 관심과 지지를 당부했다. 평화클럽 소속 주한외교단 측은 연초부터 북한의 공세적 행태를 포함한 한반도 상황 분석과 전망 한국 정부의 대응 방향에 대한 설명에 감사의 뜻을 전했다. 북한인권 문제에도 각별한 관심을 갖고 협력해 나갈 것이라고 화답했다.,0.9998543082599335
尹 31일 종일 안보 점검한다..“북한 무력·정치 도발 대응”,尹 중앙통합방위회의·군주요지휘관회의 주재 하루 전체 안보일정 안보 엄중하다는 인식 北 연일 순항미사일 등 도발에 핵공격 협박 민관군 안보 점검서 北 정치적 도발 대응 논의 군 지휘관들 北 도발 시나리오별 대응 논의 인성환 국가안보실 제2차장이 30일 서울 용산 대통령실 청사에서 현안 브리핑을 하고 있다. 사진 뉴시스 파이낸셜뉴스 윤석열 대통령은 오는 31일 중앙통합방위회의와 군 주요지휘관 회의를 주재할 예정이다. 북한이 잇달아 무력도발을 감행하는 데 대응해 전반적인 안보 태세를 점검하는 것이다. 인성환 국가안보실 제2차장은 30일 용산 대통령실 청사 브리핑에 나서 윤 대통령의 두 회의 주재 예정을 밝히며 “하루 전체를 안보일정에 할애하는 건 현 안보 상황이 그만큼 엄중하다는 인식 하에서 군통수권자로서 군과 정부에게서 종합 보고를 받고 점검하기 위한 것”이라고 말했다. 인 차장은 안보 상황에 대해 북한이 연일 순항미사일 시험발사를 하고 연초부터 포 사격에 나서며 핵전력과 대륙간탄도미사일 ICBM 을 강화하는 것을 거론했다. 그는 그러면서 “나아가 민족을 부정하고 대한민국을 교전상대국으로 규정하며 핵공격도 불사한다고 협박하고 있다”고 짚었다. 윤 대통령이 주재할 두 회의에 관해선 인 차장은 먼저 “중앙통합방위회의는 민·관·군이 하나 되어 점검하는 자리로 국무위원·광역자치단체장·유관기관·군·경찰·소방 등 170여명이 참석한다. 올해에는 국민참관단 11명도 참여한다”며 “유사시 실전적 상황을 상정해 정부부처와 지자체 기관별 조치 사항과 협력 방안을 협의하고 보완할 예정”이라고 설명했다. 특히 “북한 정권의 각종 사이버공격과 가짜뉴스 거짓정보 유포 등 대한민국을 교란하는 정치적 도발 대응도 집중 논의할 것”이라고 밝혔다. 군 주요지휘관 회의에 대해선 인 차장은 “군통수권자인 윤 대통령이 각군의 대비태세 보고를 받고 점검한다. 국방부 장관과 합동참모본부의장 각군 참모총장 연합사령부 사령관 해병대 사령관 주요 지휘관들이 참석한다”며 “윤 대통령은 강인한 정신전력에 입각한 대비태세야말로 북한 정권이 대한민국을 넘보지 못하게 하는 핵심이라고 강조하며 어떤 도발에도 즉각 강력히 대응하라 주문할 것”이라고 말했다. 이어 “지휘관들은 북한 도발 예상 시나리오를 유형별로 상정하고 대응방안을 심층적으로 논의할 예정”이라고 했다.,0.9998573233329323
